league_id,league_name,season_id,season,game_id,gamedate,team_id,team_name,goals,penalty,result
9,Premier League,333,2016-2017,75961,2017-01-01 11:00:00.000,2139,Crystal Palace,0,NULL,0
9,Premier League,333,2016-2017,75961,2017-01-01 11:00:00.000,569,Arsenal,2,NULL,1
9,Premier League,333,2016-2017,75970,2017-01-01 08:30:00.000,564,Tottenham,4,NULL,1
9,Premier League,333,2016-2017,75970,2017-01-01 08:30:00.000,2275,Watford,1,NULL,0
9,Premier League,333,2016-2017,75971,2017-01-03 14:45:00.000,569,Arsenal,3,NULL,2
9,Premier League,333,2016-2017,75971,2017-01-03 14:45:00.000,2276,AFC Bournemouth,3,NULL,2
9,Premier League,333,2016-2017,75972,2017-01-03 15:00:00.000,675,Swansea,2,NULL,1
9,Premier League,333,2016-2017,75972,2017-01-03 15:00:00.000,2139,Crystal Palace,1,NULL,0
9,Premier League,333,2016-2017,75973,2017-01-02 10:00:00.000,2108,Southampton,0,NULL,0
9,Premier League,333,2016-2017,75973,2017-01-02 10:00:00.000,568,Everton,3,NULL,1
9,Premier League,333,2016-2017,75974,2017-01-02 10:00:00.000,2199,Burnley,1,NULL,0
9,Premier League,333,2016-2017,75974,2017-01-02 10:00:00.000,573,Manchester City,2,NULL,1
9,Premier League,333,2016-2017,75975,2017-01-03 15:00:00.000,2275,Watford,0,NULL,0
9,Premier League,333,2016-2017,75975,2017-01-03 15:00:00.000,578,Stoke,2,NULL,1
9,Premier League,333,2016-2017,75976,2017-01-02 10:00:00.000,565,Liverpool,2,NULL,2
9,Premier League,333,2016-2017,75976,2017-01-02 10:00:00.000,575,Sunderland,2,NULL,2
9,Premier League,333,2016-2017,75977,2017-01-04 15:00:00.000,580,Chelsea,0,NULL,0
9,Premier League,333,2016-2017,75977,2017-01-04 15:00:00.000,564,Tottenham,2,NULL,1
9,Premier League,333,2016-2017,75978,2017-01-02 10:00:00.000,2138,Hull City,1,NULL,0
9,Premier League,333,2016-2017,75978,2017-01-02 10:00:00.000,665,West Bromwich,3,NULL,1
9,Premier League,333,2016-2017,75979,2017-01-02 12:15:00.000,562,Manchester United,2,NULL,1
9,Premier League,333,2016-2017,75979,2017-01-02 12:15:00.000,571,West Ham United,0,NULL,0
9,Premier League,333,2016-2017,75980,2017-01-14 10:00:00.000,2108,Southampton,0,NULL,0
9,Premier League,333,2016-2017,75980,2017-01-14 10:00:00.000,2199,Burnley,1,NULL,1
9,Premier League,333,2016-2017,75981,2017-01-15 08:30:00.000,573,Manchester City,0,NULL,0
9,Premier League,333,2016-2017,75981,2017-01-15 08:30:00.000,568,Everton,4,NULL,1
9,Premier League,333,2016-2017,75982,2017-01-14 15:00:00.000,2276,AFC Bournemouth,1,NULL,0
9,Premier League,333,2016-2017,75982,2017-01-14 15:00:00.000,2138,Hull City,3,NULL,1
9,Premier League,333,2016-2017,75983,2017-01-14 12:30:00.000,580,Chelsea,3,NULL,1
9,Premier League,333,2016-2017,75983,2017-01-14 12:30:00.000,2198,Leicester City,0,NULL,0
9,Premier League,333,2016-2017,75984,2017-01-15 11:00:00.000,565,Liverpool,1,NULL,2
9,Premier League,333,2016-2017,75984,2017-01-15 11:00:00.000,562,Manchester United,1,NULL,2
9,Premier League,333,2016-2017,75985,2017-01-14 15:00:00.000,578,Stoke,3,NULL,1
9,Premier League,333,2016-2017,75985,2017-01-14 15:00:00.000,575,Sunderland,1,NULL,0
9,Premier League,333,2016-2017,75986,2017-01-14 10:00:00.000,569,Arsenal,4,NULL,1
9,Premier League,333,2016-2017,75986,2017-01-14 10:00:00.000,675,Swansea,0,NULL,0
9,Premier League,333,2016-2017,75987,2017-01-14 07:30:00.000,665,West Bromwich,0,NULL,0
9,Premier League,333,2016-2017,75987,2017-01-14 07:30:00.000,564,Tottenham,4,NULL,1
9,Premier League,333,2016-2017,75988,2017-01-14 10:00:00.000,2294,Middlesbrough,0,NULL,2
9,Premier League,333,2016-2017,75988,2017-01-14 10:00:00.000,2275,Watford,0,NULL,2
9,Premier League,333,2016-2017,75989,2017-01-14 10:00:00.000,2139,Crystal Palace,0,NULL,0
9,Premier League,333,2016-2017,75989,2017-01-14 10:00:00.000,571,West Ham United,3,NULL,1
9,Premier League,333,2016-2017,75990,2017-01-21 10:00:00.000,2275,Watford,2,NULL,2
9,Premier League,333,2016-2017,75990,2017-01-21 10:00:00.000,2276,AFC Bournemouth,2,NULL,2
9,Premier League,333,2016-2017,75991,2017-01-22 09:15:00.000,2199,Burnley,1,NULL,0
9,Premier League,333,2016-2017,75991,2017-01-22 09:15:00.000,569,Arsenal,2,NULL,1
9,Premier League,333,2016-2017,75992,2017-01-22 11:30:00.000,2138,Hull City,0,NULL,0
9,Premier League,333,2016-2017,75992,2017-01-22 11:30:00.000,580,Chelsea,2,NULL,1
9,Premier League,333,2016-2017,75993,2017-01-21 10:00:00.000,568,Everton,1,NULL,1
9,Premier League,333,2016-2017,75993,2017-01-21 10:00:00.000,2139,Crystal Palace,0,NULL,0
9,Premier League,333,2016-2017,75994,2017-01-21 07:30:00.000,675,Swansea,3,NULL,1
9,Premier League,333,2016-2017,75994,2017-01-21 07:30:00.000,565,Liverpool,2,NULL,0
9,Premier League,333,2016-2017,75995,2017-01-21 12:30:00.000,564,Tottenham,2,NULL,2
9,Premier League,333,2016-2017,75995,2017-01-21 12:30:00.000,573,Manchester City,2,NULL,2
9,Premier League,333,2016-2017,75996,2017-01-22 07:00:00.000,2198,Leicester City,0,NULL,0
9,Premier League,333,2016-2017,75996,2017-01-22 07:00:00.000,2108,Southampton,3,NULL,1
9,Premier League,333,2016-2017,75997,2017-01-21 10:00:00.000,562,Manchester United,1,NULL,2
9,Premier League,333,2016-2017,75997,2017-01-21 10:00:00.000,578,Stoke,1,NULL,2
9,Premier League,333,2016-2017,75998,2017-01-21 10:00:00.000,575,Sunderland,0,NULL,0
9,Premier League,333,2016-2017,75998,2017-01-21 10:00:00.000,665,West Bromwich,2,NULL,1
9,Premier League,333,2016-2017,75999,2017-01-31 14:45:00.000,2139,Crystal Palace,2,NULL,1
9,Premier League,333,2016-2017,75999,2017-01-31 14:45:00.000,2276,AFC Bournemouth,0,NULL,0
9,Premier League,333,2016-2017,76000,2017-01-31 14:45:00.000,2275,Watford,2,NULL,1
9,Premier League,333,2016-2017,76000,2017-01-31 14:45:00.000,569,Arsenal,1,NULL,0
9,Premier League,333,2016-2017,76001,2017-01-31 14:45:00.000,2198,Leicester City,0,NULL,0
9,Premier League,333,2016-2017,76001,2017-01-31 14:45:00.000,2199,Burnley,1,NULL,1
9,Premier League,333,2016-2017,76002,2017-01-31 14:45:00.000,564,Tottenham,0,NULL,2
9,Premier League,333,2016-2017,76002,2017-01-31 14:45:00.000,575,Sunderland,0,NULL,2
9,Premier League,333,2016-2017,76003,2017-01-31 14:45:00.000,2108,Southampton,1,NULL,0
9,Premier League,333,2016-2017,76003,2017-01-31 14:45:00.000,675,Swansea,2,NULL,1
9,Premier League,333,2016-2017,76004,2017-02-01 14:45:00.000,573,Manchester City,4,NULL,1
9,Premier League,333,2016-2017,76004,2017-02-01 14:45:00.000,571,West Ham United,0,NULL,0
9,Premier League,333,2016-2017,76005,2017-02-01 15:00:00.000,2138,Hull City,0,NULL,2
9,Premier League,333,2016-2017,76005,2017-02-01 15:00:00.000,562,Manchester United,0,NULL,2
9,Premier League,333,2016-2017,76006,2017-01-31 15:00:00.000,580,Chelsea,1,NULL,2
9,Premier League,333,2016-2017,76006,2017-01-31 15:00:00.000,565,Liverpool,1,NULL,2
9,Premier League,333,2016-2017,76007,2017-02-01 15:00:00.000,568,Everton,1,NULL,2
9,Premier League,333,2016-2017,76007,2017-02-01 15:00:00.000,578,Stoke,1,NULL,2
9,Premier League,333,2016-2017,76008,2017-02-04 07:30:00.000,569,Arsenal,1,NULL,0
9,Premier League,333,2016-2017,76008,2017-02-04 07:30:00.000,580,Chelsea,3,NULL,1
9,Premier League,333,2016-2017,76009,2017-02-04 10:00:00.000,575,Sunderland,4,NULL,1
9,Premier League,333,2016-2017,76009,2017-02-04 10:00:00.000,2139,Crystal Palace,0,NULL,0
9,Premier League,333,2016-2017,76010,2017-02-04 10:00:00.000,2276,AFC Bournemouth,3,NULL,0
9,Premier League,333,2016-2017,76010,2017-02-04 10:00:00.000,568,Everton,6,NULL,1
9,Premier League,333,2016-2017,76011,2017-02-04 15:00:00.000,565,Liverpool,0,NULL,0
9,Premier League,333,2016-2017,76011,2017-02-04 15:00:00.000,2138,Hull City,2,NULL,1
9,Premier League,333,2016-2017,76012,2017-02-05 11:00:00.000,562,Manchester United,3,NULL,1
9,Premier League,333,2016-2017,76012,2017-02-05 11:00:00.000,2198,Leicester City,0,NULL,0
9,Premier League,333,2016-2017,76013,2017-02-05 08:30:00.000,675,Swansea,1,NULL,0
9,Premier League,333,2016-2017,76013,2017-02-05 08:30:00.000,573,Manchester City,2,NULL,1
9,Premier League,333,2016-2017,76014,2017-02-04 10:00:00.000,571,West Ham United,3,NULL,1
9,Premier League,333,2016-2017,76014,2017-02-04 10:00:00.000,2108,Southampton,1,NULL,0
9,Premier League,333,2016-2017,76015,2017-02-04 12:30:00.000,2294,Middlesbrough,0,NULL,0
9,Premier League,333,2016-2017,76015,2017-02-04 12:30:00.000,564,Tottenham,1,NULL,1
9,Premier League,333,2016-2017,76016,2017-02-04 10:00:00.000,2199,Burnley,1,NULL,0
9,Premier League,333,2016-2017,76016,2017-02-04 10:00:00.000,2275,Watford,2,NULL,1
9,Premier League,333,2016-2017,76017,2017-02-04 10:00:00.000,578,Stoke,0,NULL,0
9,Premier League,333,2016-2017,76017,2017-02-04 10:00:00.000,665,West Bromwich,1,NULL,1
9,Premier League,333,2016-2017,76018,2017-02-13 15:00:00.000,573,Manchester City,2,NULL,1
9,Premier League,333,2016-2017,76018,2017-02-13 15:00:00.000,2276,AFC Bournemouth,0,NULL,0
9,Premier League,333,2016-2017,76019,2017-02-11 07:30:00.000,2138,Hull City,0,NULL,0
9,Premier League,333,2016-2017,76019,2017-02-11 07:30:00.000,569,Arsenal,2,NULL,1
9,Premier League,333,2016-2017,76020,2017-02-12 08:30:00.000,580,Chelsea,1,NULL,2
9,Premier League,333,2016-2017,76020,2017-02-12 08:30:00.000,2199,Burnley,1,NULL,2
9,Premier League,333,2016-2017,76021,2017-02-11 12:30:00.000,564,Tottenham,0,NULL,0
9,Premier League,333,2016-2017,76021,2017-02-11 12:30:00.000,565,Liverpool,2,NULL,1
9,Premier League,333,2016-2017,76022,2017-02-11 10:00:00.000,2275,Watford,0,NULL,0
9,Premier League,333,2016-2017,76022,2017-02-11 10:00:00.000,562,Manchester United,2,NULL,1
9,Premier League,333,2016-2017,76023,2017-02-11 10:00:00.000,2139,Crystal Palace,0,NULL,0
9,Premier League,333,2016-2017,76023,2017-02-11 10:00:00.000,578,Stoke,1,NULL,1
9,Premier League,333,2016-2017,76024,2017-02-11 10:00:00.000,2108,Southampton,4,NULL,1
9,Premier League,333,2016-2017,76024,2017-02-11 10:00:00.000,575,Sunderland,0,NULL,0
9,Premier League,333,2016-2017,76025,2017-02-12 11:00:00.000,2198,Leicester City,0,NULL,0
9,Premier League,333,2016-2017,76025,2017-02-12 11:00:00.000,675,Swansea,2,NULL,1
9,Premier League,333,2016-2017,76026,2017-02-11 10:00:00.000,665,West Bromwich,2,NULL,2
9,Premier League,333,2016-2017,76026,2017-02-11 10:00:00.000,571,West Ham United,2,NULL,2
9,Premier League,333,2016-2017,76027,2017-02-25 10:00:00.000,675,Swansea,1,NULL,0
9,Premier League,333,2016-2017,76027,2017-02-25 10:00:00.000,580,Chelsea,3,NULL,1
9,Premier League,333,2016-2017,76028,2017-02-25 10:00:00.000,2294,Middlesbrough,0,NULL,0
9,Premier League,333,2016-2017,76028,2017-02-25 10:00:00.000,2139,Crystal Palace,1,NULL,1
9,Premier League,333,2016-2017,76029,2017-02-25 10:00:00.000,575,Sunderland,0,NULL,0
9,Premier League,333,2016-2017,76029,2017-02-25 10:00:00.000,568,Everton,2,NULL,1
9,Premier League,333,2016-2017,76030,2017-02-25 15:00:00.000,2199,Burnley,1,NULL,2
9,Premier League,333,2016-2017,76030,2017-02-25 15:00:00.000,2138,Hull City,1,NULL,2
9,Premier League,333,2016-2017,76031,2017-02-27 15:00:00.000,565,Liverpool,1,NULL,0
9,Premier League,333,2016-2017,76031,2017-02-27 15:00:00.000,2198,Leicester City,3,NULL,1
9,Premier League,333,2016-2017,76032,2017-04-27 20:00:00.000,562,Manchester United,0,NULL,2
9,Premier League,333,2016-2017,76032,2017-04-27 20:00:00.000,573,Manchester City,0,NULL,2
9,Premier League,333,2016-2017,76033,2017-05-10 19:45:00.000,569,Arsenal,2,NULL,1
9,Premier League,333,2016-2017,76033,2017-05-10 19:45:00.000,2108,Southampton,0,NULL,0
9,Premier League,333,2016-2017,76034,2017-02-26 08:30:00.000,578,Stoke,0,NULL,0
9,Premier League,333,2016-2017,76034,2017-02-26 08:30:00.000,564,Tottenham,4,NULL,1
9,Premier League,333,2016-2017,76035,2017-02-25 12:30:00.000,571,West Ham United,1,NULL,2
9,Premier League,333,2016-2017,76035,2017-02-25 12:30:00.000,2275,Watford,1,NULL,2
9,Premier League,333,2016-2017,76036,2017-02-25 10:00:00.000,2276,AFC Bournemouth,1,NULL,0
9,Premier League,333,2016-2017,76036,2017-02-25 10:00:00.000,665,West Bromwich,2,NULL,1
9,Premier League,333,2016-2017,76037,2017-03-04 10:00:00.000,2138,Hull City,1,NULL,0
9,Premier League,333,2016-2017,76037,2017-03-04 10:00:00.000,2198,Leicester City,3,NULL,1
9,Premier League,333,2016-2017,76038,2017-03-04 12:30:00.000,569,Arsenal,1,NULL,0
9,Premier League,333,2016-2017,76038,2017-03-04 12:30:00.000,565,Liverpool,3,NULL,1
9,Premier League,333,2016-2017,76039,2017-03-04 07:30:00.000,2276,AFC Bournemouth,1,NULL,2
9,Premier League,333,2016-2017,76039,2017-03-04 07:30:00.000,562,Manchester United,1,NULL,2
9,Premier League,333,2016-2017,76040,2017-03-04 10:00:00.000,2294,Middlesbrough,0,NULL,0
9,Premier League,333,2016-2017,76040,2017-03-04 10:00:00.000,578,Stoke,2,NULL,1
9,Premier League,333,2016-2017,76041,2017-03-05 11:00:00.000,573,Manchester City,2,NULL,1
9,Premier League,333,2016-2017,76041,2017-03-05 11:00:00.000,575,Sunderland,0,NULL,0
9,Premier League,333,2016-2017,76042,2017-03-04 10:00:00.000,2199,Burnley,2,NULL,0
9,Premier League,333,2016-2017,76042,2017-03-04 10:00:00.000,675,Swansea,3,NULL,1
9,Premier League,333,2016-2017,76043,2017-03-05 08:30:00.000,568,Everton,2,NULL,0
9,Premier League,333,2016-2017,76043,2017-03-05 08:30:00.000,564,Tottenham,3,NULL,1
9,Premier League,333,2016-2017,76044,2017-03-04 10:00:00.000,2108,Southampton,4,NULL,1
9,Premier League,333,2016-2017,76044,2017-03-04 10:00:00.000,2275,Watford,3,NULL,0
9,Premier League,333,2016-2017,76045,2017-03-04 10:00:00.000,2139,Crystal Palace,2,NULL,1
9,Premier League,333,2016-2017,76045,2017-03-04 10:00:00.000,665,West Bromwich,0,NULL,0
9,Premier League,333,2016-2017,76046,2017-03-06 15:00:00.000,580,Chelsea,2,NULL,1
9,Premier League,333,2016-2017,76046,2017-03-06 15:00:00.000,571,West Ham United,1,NULL,0
9,Premier League,333,2016-2017,76047,2017-03-11 10:00:00.000,571,West Ham United,2,NULL,0
9,Premier League,333,2016-2017,76047,2017-03-11 10:00:00.000,2276,AFC Bournemouth,3,NULL,1
9,Premier League,333,2016-2017,76048,2017-04-26 19:45:00.000,2198,Leicester City,0,NULL,0
9,Premier League,333,2016-2017,76048,2017-04-26 19:45:00.000,569,Arsenal,1,NULL,1
9,Premier League,333,2016-2017,76049,2017-03-12 12:00:00.000,565,Liverpool,0,NULL,2
9,Premier League,333,2016-2017,76049,2017-03-12 12:00:00.000,2199,Burnley,0,NULL,2
9,Premier League,333,2016-2017,76050,2017-05-15 20:00:00.000,2275,Watford,3,NULL,0
9,Premier League,333,2016-2017,76050,2017-05-15 20:00:00.000,580,Chelsea,4,NULL,1
9,Premier League,333,2016-2017,76051,2017-04-26 20:00:00.000,564,Tottenham,1,NULL,1
9,Premier League,333,2016-2017,76051,2017-04-26 20:00:00.000,2139,Crystal Palace,0,NULL,0
9,Premier League,333,2016-2017,76052,2017-03-11 10:00:00.000,665,West Bromwich,0,NULL,0
9,Premier League,333,2016-2017,76052,2017-03-11 10:00:00.000,568,Everton,3,NULL,1
9,Premier League,333,2016-2017,76053,2017-03-11 15:00:00.000,675,Swansea,1,NULL,0
9,Premier League,333,2016-2017,76053,2017-03-11 15:00:00.000,2138,Hull City,2,NULL,1
9,Premier League,333,2016-2017,76054,2017-03-08 15:00:00.000,578,Stoke,0,NULL,2
9,Premier League,333,2016-2017,76054,2017-03-08 15:00:00.000,573,Manchester City,0,NULL,2
9,Premier League,333,2016-2017,76055,2017-05-17 19:45:00.000,562,Manchester United,0,NULL,2
9,Premier League,333,2016-2017,76055,2017-05-17 19:45:00.000,2108,Southampton,0,NULL,2
9,Premier League,333,2016-2017,76056,2017-03-18 17:30:00.000,675,Swansea,0,NULL,0
9,Premier League,333,2016-2017,76056,2017-03-18 17:30:00.000,2276,AFC Bournemouth,2,NULL,1
9,Premier League,333,2016-2017,76057,2017-03-18 15:00:00.000,2275,Watford,0,NULL,0
9,Premier League,333,2016-2017,76057,2017-03-18 15:00:00.000,2139,Crystal Palace,1,NULL,1
9,Premier League,333,2016-2017,76058,2017-03-18 15:00:00.000,2138,Hull City,0,NULL,0
9,Premier League,333,2016-2017,76058,2017-03-18 15:00:00.000,568,Everton,4,NULL,1
9,Premier League,333,2016-2017,76059,2017-03-19 16:30:00.000,565,Liverpool,1,NULL,2
9,Premier League,333,2016-2017,76059,2017-03-19 16:30:00.000,573,Manchester City,1,NULL,2
9,Premier League,333,2016-2017,76060,2017-03-18 15:00:00.000,580,Chelsea,2,NULL,1
9,Premier League,333,2016-2017,76060,2017-03-18 15:00:00.000,578,Stoke,1,NULL,0
9,Premier League,333,2016-2017,76061,2017-03-18 15:00:00.000,2199,Burnley,0,NULL,2
9,Premier League,333,2016-2017,76061,2017-03-18 15:00:00.000,575,Sunderland,0,NULL,2
9,Premier League,333,2016-2017,76062,2017-03-19 14:15:00.000,2108,Southampton,1,NULL,0
9,Premier League,333,2016-2017,76062,2017-03-19 14:15:00.000,564,Tottenham,2,NULL,1
9,Premier League,333,2016-2017,76063,2017-03-18 12:30:00.000,569,Arsenal,1,NULL,0
9,Premier League,333,2016-2017,76063,2017-03-18 12:30:00.000,665,West Bromwich,3,NULL,1
9,Premier League,333,2016-2017,76064,2017-03-18 15:00:00.000,2198,Leicester City,3,NULL,1
9,Premier League,333,2016-2017,76064,2017-03-18 15:00:00.000,571,West Ham United,2,NULL,0
9,Premier League,333,2016-2017,76065,2017-04-02 16:00:00.000,573,Manchester City,2,NULL,2
9,Premier League,333,2016-2017,76065,2017-04-02 16:00:00.000,569,Arsenal,2,NULL,2
9,Premier League,333,2016-2017,76066,2017-04-01 15:00:00.000,564,Tottenham,2,NULL,1
9,Premier League,333,2016-2017,76066,2017-04-01 15:00:00.000,2199,Burnley,0,NULL,0
9,Premier League,333,2016-2017,76067,2017-04-01 15:00:00.000,2139,Crystal Palace,2,NULL,1
9,Premier League,333,2016-2017,76067,2017-04-01 15:00:00.000,580,Chelsea,1,NULL,0
9,Premier League,333,2016-2017,76068,2017-04-01 15:00:00.000,571,West Ham United,1,NULL,0
9,Premier League,333,2016-2017,76068,2017-04-01 15:00:00.000,2138,Hull City,2,NULL,1
9,Premier League,333,2016-2017,76069,2017-04-01 15:00:00.000,578,Stoke,0,NULL,0
9,Premier League,333,2016-2017,76069,2017-04-01 15:00:00.000,2198,Leicester City,2,NULL,1
9,Premier League,333,2016-2017,76070,2017-04-01 12:30:00.000,568,Everton,1,NULL,0
9,Premier League,333,2016-2017,76070,2017-04-01 12:30:00.000,565,Liverpool,3,NULL,1
9,Premier League,333,2016-2017,76071,2017-04-01 15:00:00.000,665,West Bromwich,0,NULL,2
9,Premier League,333,2016-2017,76071,2017-04-01 15:00:00.000,562,Manchester United,0,NULL,2
9,Premier League,333,2016-2017,76072,2017-04-01 17:30:00.000,2276,AFC Bournemouth,0,NULL,2
9,Premier League,333,2016-2017,76072,2017-04-01 17:30:00.000,2108,Southampton,0,NULL,2
9,Premier League,333,2016-2017,76073,2017-04-02 13:30:00.000,2294,Middlesbrough,0,NULL,2
9,Premier League,333,2016-2017,76073,2017-04-02 13:30:00.000,675,Swansea,0,NULL,2
9,Premier League,333,2016-2017,76074,2017-04-01 15:00:00.000,575,Sunderland,0,NULL,0
9,Premier League,333,2016-2017,76074,2017-04-01 15:00:00.000,2275,Watford,1,NULL,1
9,Premier League,333,2016-2017,76075,2017-04-05 19:45:00.000,571,West Ham United,0,NULL,0
9,Premier League,333,2016-2017,76075,2017-04-05 19:45:00.000,569,Arsenal,3,NULL,1
9,Premier League,333,2016-2017,76076,2017-04-04 19:45:00.000,578,Stoke,0,NULL,0
9,Premier League,333,2016-2017,76076,2017-04-04 19:45:00.000,2199,Burnley,1,NULL,1
9,Premier League,333,2016-2017,76077,2017-04-05 19:45:00.000,2294,Middlesbrough,2,NULL,0
9,Premier League,333,2016-2017,76077,2017-04-05 19:45:00.000,2138,Hull City,4,NULL,1
9,Premier League,333,2016-2017,76078,2017-04-04 19:45:00.000,575,Sunderland,0,NULL,0
9,Premier League,333,2016-2017,76078,2017-04-04 19:45:00.000,2198,Leicester City,2,NULL,1
9,Premier League,333,2016-2017,76079,2017-04-05 19:45:00.000,564,Tottenham,3,NULL,1
9,Premier League,333,2016-2017,76079,2017-04-05 19:45:00.000,675,Swansea,1,NULL,0
9,Premier League,333,2016-2017,76080,2017-04-04 19:45:00.000,665,West Bromwich,0,NULL,0
9,Premier League,333,2016-2017,76080,2017-04-04 19:45:00.000,2275,Watford,2,NULL,1
9,Premier League,333,2016-2017,76081,2017-04-04 20:00:00.000,568,Everton,1,NULL,2
9,Premier League,333,2016-2017,76081,2017-04-04 20:00:00.000,562,Manchester United,1,NULL,2
9,Premier League,333,2016-2017,76082,2017-04-05 20:00:00.000,573,Manchester City,1,NULL,0
9,Premier League,333,2016-2017,76082,2017-04-05 20:00:00.000,580,Chelsea,2,NULL,1
9,Premier League,333,2016-2017,76083,2017-04-05 19:45:00.000,2139,Crystal Palace,1,NULL,0
9,Premier League,333,2016-2017,76083,2017-04-05 19:45:00.000,2108,Southampton,3,NULL,1
9,Premier League,333,2016-2017,76084,2017-04-05 20:00:00.000,2276,AFC Bournemouth,2,NULL,2
9,Premier League,333,2016-2017,76084,2017-04-05 20:00:00.000,565,Liverpool,2,NULL,2
9,Premier League,333,2016-2017,76085,2017-04-08 17:30:00.000,580,Chelsea,3,NULL,1
9,Premier League,333,2016-2017,76085,2017-04-08 17:30:00.000,2276,AFC Bournemouth,1,NULL,0
9,Premier League,333,2016-2017,76086,2017-04-10 20:00:00.000,569,Arsenal,0,NULL,0
9,Premier League,333,2016-2017,76086,2017-04-10 20:00:00.000,2139,Crystal Palace,3,NULL,1
9,Premier League,333,2016-2017,76087,2017-04-09 16:00:00.000,2198,Leicester City,2,NULL,0
9,Premier League,333,2016-2017,76087,2017-04-09 16:00:00.000,568,Everton,4,NULL,1
9,Premier League,333,2016-2017,76088,2017-04-08 15:00:00.000,2138,Hull City,1,NULL,0
9,Premier League,333,2016-2017,76088,2017-04-08 15:00:00.000,573,Manchester City,3,NULL,1
9,Premier League,333,2016-2017,76089,2017-04-08 15:00:00.000,565,Liverpool,2,NULL,1
9,Premier League,333,2016-2017,76089,2017-04-08 15:00:00.000,578,Stoke,1,NULL,0
9,Premier League,333,2016-2017,76090,2017-04-09 13:30:00.000,562,Manchester United,3,NULL,1
9,Premier League,333,2016-2017,76090,2017-04-09 13:30:00.000,575,Sunderland,0,NULL,0
9,Premier League,333,2016-2017,76091,2017-04-08 12:30:00.000,2275,Watford,0,NULL,0
9,Premier League,333,2016-2017,76091,2017-04-08 12:30:00.000,564,Tottenham,4,NULL,1
9,Premier League,333,2016-2017,76092,2017-04-08 15:00:00.000,2108,Southampton,1,NULL,1
9,Premier League,333,2016-2017,76092,2017-04-08 15:00:00.000,665,West Bromwich,0,NULL,0
9,Premier League,333,2016-2017,76093,2017-04-08 15:00:00.000,675,Swansea,0,NULL,0
9,Premier League,333,2016-2017,76093,2017-04-08 15:00:00.000,571,West Ham United,1,NULL,1
9,Premier League,333,2016-2017,76094,2017-04-15 15:00:00.000,2198,Leicester City,2,NULL,2
9,Premier League,333,2016-2017,76094,2017-04-15 15:00:00.000,2139,Crystal Palace,2,NULL,2
9,Premier League,333,2016-2017,76095,2017-04-15 15:00:00.000,2199,Burnley,1,NULL,0
9,Premier League,333,2016-2017,76095,2017-04-15 15:00:00.000,568,Everton,3,NULL,1
9,Premier League,333,2016-2017,76096,2017-04-16 16:00:00.000,580,Chelsea,0,NULL,0
9,Premier League,333,2016-2017,76096,2017-04-16 16:00:00.000,562,Manchester United,2,NULL,1
9,Premier League,333,2016-2017,76097,2017-04-15 17:30:00.000,573,Manchester City,3,NULL,1
9,Premier League,333,2016-2017,76097,2017-04-15 17:30:00.000,2108,Southampton,0,NULL,0
9,Premier League,333,2016-2017,76098,2017-04-15 15:00:00.000,2138,Hull City,1,NULL,0
9,Premier League,333,2016-2017,76098,2017-04-15 15:00:00.000,578,Stoke,3,NULL,1
9,Premier League,333,2016-2017,76099,2017-04-15 15:00:00.000,571,West Ham United,2,NULL,2
9,Premier League,333,2016-2017,76099,2017-04-15 15:00:00.000,575,Sunderland,2,NULL,2
9,Premier League,333,2016-2017,76100,2017-04-15 12:30:00.000,2276,AFC Bournemouth,0,NULL,0
9,Premier League,333,2016-2017,76100,2017-04-15 12:30:00.000,564,Tottenham,4,NULL,1
9,Premier League,333,2016-2017,76101,2017-04-15 15:00:00.000,675,Swansea,0,NULL,0
9,Premier League,333,2016-2017,76101,2017-04-15 15:00:00.000,2275,Watford,1,NULL,1
9,Premier League,333,2016-2017,76102,2017-04-16 13:30:00.000,565,Liverpool,1,NULL,1
9,Premier League,333,2016-2017,76102,2017-04-16 13:30:00.000,665,West Bromwich,0,NULL,0
9,Premier League,333,2016-2017,76103,2017-04-22 15:00:00.000,2294,Middlesbrough,0,NULL,0
9,Premier League,333,2016-2017,76103,2017-04-22 15:00:00.000,2276,AFC Bournemouth,4,NULL,1
9,Premier League,333,2016-2017,76104,2017-05-16 19:45:00.000,575,Sunderland,0,NULL,0
9,Premier League,333,2016-2017,76104,2017-05-16 19:45:00.000,569,Arsenal,2,NULL,1
9,Premier League,333,2016-2017,76105,2017-04-23 14:15:00.000,562,Manchester United,2,NULL,1
9,Premier League,333,2016-2017,76105,2017-04-23 14:15:00.000,2199,Burnley,0,NULL,0
9,Premier League,333,2016-2017,76106,2017-04-25 19:45:00.000,2108,Southampton,2,NULL,0
9,Premier League,333,2016-2017,76106,2017-04-25 19:45:00.000,580,Chelsea,4,NULL,1
9,Premier League,333,2016-2017,76107,2017-04-22 15:00:00.000,2275,Watford,0,NULL,0
9,Premier League,333,2016-2017,76107,2017-04-22 15:00:00.000,2138,Hull City,2,NULL,1
9,Premier League,333,2016-2017,76108,2017-05-18 19:45:00.000,564,Tottenham,6,NULL,1
9,Premier League,333,2016-2017,76108,2017-05-18 19:45:00.000,2198,Leicester City,1,NULL,0
9,Premier League,333,2016-2017,76109,2017-04-23 16:30:00.000,2139,Crystal Palace,2,NULL,1
9,Premier League,333,2016-2017,76109,2017-04-23 16:30:00.000,565,Liverpool,1,NULL,0
9,Premier League,333,2016-2017,76110,2017-05-16 20:00:00.000,665,West Bromwich,1,NULL,0
9,Premier League,333,2016-2017,76110,2017-05-16 20:00:00.000,573,Manchester City,3,NULL,1
9,Premier League,333,2016-2017,76111,2017-04-22 15:00:00.000,578,Stoke,0,NULL,0
9,Premier League,333,2016-2017,76111,2017-04-22 15:00:00.000,675,Swansea,2,NULL,1
9,Premier League,333,2016-2017,76112,2017-04-22 15:00:00.000,568,Everton,0,NULL,2
9,Premier League,333,2016-2017,76112,2017-04-22 15:00:00.000,571,West Ham United,0,NULL,2
9,Premier League,333,2016-2017,76113,2017-04-29 17:30:00.000,2199,Burnley,2,NULL,1
9,Premier League,333,2016-2017,76113,2017-04-29 17:30:00.000,2139,Crystal Palace,0,NULL,0
9,Premier League,333,2016-2017,76114,2017-04-30 14:05:00.000,580,Chelsea,3,NULL,1
9,Premier League,333,2016-2017,76114,2017-04-30 14:05:00.000,568,Everton,0,NULL,0
9,Premier League,333,2016-2017,76115,2017-04-30 12:00:00.000,675,Swansea,1,NULL,2
9,Premier League,333,2016-2017,76115,2017-04-30 12:00:00.000,562,Manchester United,1,NULL,2
9,Premier League,333,2016-2017,76116,2017-04-29 15:00:00.000,2138,Hull City,0,NULL,2
9,Premier League,333,2016-2017,76116,2017-04-29 15:00:00.000,2108,Southampton,0,NULL,2
9,Premier League,333,2016-2017,76117,2017-04-29 15:00:00.000,571,West Ham United,0,NULL,2
9,Premier League,333,2016-2017,76117,2017-04-29 15:00:00.000,578,Stoke,0,NULL,2
9,Premier League,333,2016-2017,76118,2017-04-29 15:00:00.000,2276,AFC Bournemouth,1,NULL,1
9,Premier League,333,2016-2017,76118,2017-04-29 15:00:00.000,575,Sunderland,0,NULL,0
9,Premier League,333,2016-2017,76119,2017-04-30 16:30:00.000,569,Arsenal,0,NULL,0
9,Premier League,333,2016-2017,76119,2017-04-30 16:30:00.000,564,Tottenham,2,NULL,1
9,Premier League,333,2016-2017,76120,2017-05-01 20:00:00.000,565,Liverpool,1,NULL,1
9,Premier League,333,2016-2017,76120,2017-05-01 20:00:00.000,2275,Watford,0,NULL,0
9,Premier League,333,2016-2017,76121,2017-04-29 15:00:00.000,2198,Leicester City,1,NULL,1
9,Premier League,333,2016-2017,76121,2017-04-29 15:00:00.000,665,West Bromwich,0,NULL,0
9,Premier League,333,2016-2017,76122,2017-05-06 15:00:00.000,578,Stoke,2,NULL,2
9,Premier League,333,2016-2017,76122,2017-05-06 15:00:00.000,2276,AFC Bournemouth,2,NULL,2
9,Premier League,333,2016-2017,76123,2017-05-07 16:00:00.000,562,Manchester United,0,NULL,0
9,Premier League,333,2016-2017,76123,2017-05-07 16:00:00.000,569,Arsenal,2,NULL,1
9,Premier League,333,2016-2017,76124,2017-05-06 15:00:00.000,665,West Bromwich,2,NULL,2
9,Premier League,333,2016-2017,76124,2017-05-06 15:00:00.000,2199,Burnley,2,NULL,2
9,Premier League,333,2016-2017,76125,2017-05-08 20:00:00.000,2294,Middlesbrough,0,NULL,0
9,Premier League,333,2016-2017,76125,2017-05-08 20:00:00.000,580,Chelsea,3,NULL,1
9,Premier League,333,2016-2017,76126,2017-05-06 15:00:00.000,575,Sunderland,2,NULL,1
9,Premier League,333,2016-2017,76126,2017-05-06 15:00:00.000,2138,Hull City,0,NULL,0
9,Premier League,333,2016-2017,76127,2017-05-06 15:00:00.000,2275,Watford,0,NULL,0
9,Premier League,333,2016-2017,76127,2017-05-06 15:00:00.000,2198,Leicester City,3,NULL,1
9,Premier League,333,2016-2017,76128,2017-05-07 13:30:00.000,2108,Southampton,0,NULL,2
9,Premier League,333,2016-2017,76128,2017-05-07 13:30:00.000,565,Liverpool,0,NULL,2
9,Premier League,333,2016-2017,76129,2017-05-06 12:30:00.000,2139,Crystal Palace,0,NULL,0
9,Premier League,333,2016-2017,76129,2017-05-06 12:30:00.000,573,Manchester City,5,NULL,1
9,Premier League,333,2016-2017,76130,2017-05-06 17:30:00.000,568,Everton,0,NULL,0
9,Premier League,333,2016-2017,76130,2017-05-06 17:30:00.000,675,Swansea,1,NULL,1
9,Premier League,333,2016-2017,76131,2017-05-05 20:00:00.000,564,Tottenham,0,NULL,0
9,Premier League,333,2016-2017,76131,2017-05-05 20:00:00.000,571,West Ham United,1,NULL,1
9,Premier League,333,2016-2017,76132,2017-05-13 15:00:00.000,2199,Burnley,1,NULL,0
9,Premier League,333,2016-2017,76132,2017-05-13 15:00:00.000,2276,AFC Bournemouth,2,NULL,1
9,Premier League,333,2016-2017,76133,2017-05-14 12:00:00.000,2138,Hull City,0,NULL,0
9,Premier League,333,2016-2017,76133,2017-05-14 12:00:00.000,2139,Crystal Palace,4,NULL,1
9,Premier League,333,2016-2017,76134,2017-05-12 19:45:00.000,2275,Watford,0,NULL,0
9,Premier League,333,2016-2017,76134,2017-05-12 19:45:00.000,568,Everton,1,NULL,1
9,Premier League,333,2016-2017,76135,2017-05-13 12:30:00.000,2198,Leicester City,1,NULL,0
9,Premier League,333,2016-2017,76135,2017-05-13 12:30:00.000,573,Manchester City,2,NULL,1
9,Premier League,333,2016-2017,76136,2017-05-13 17:30:00.000,569,Arsenal,4,NULL,1
9,Premier League,333,2016-2017,76136,2017-05-13 17:30:00.000,578,Stoke,1,NULL,0
9,Premier League,333,2016-2017,76137,2017-05-13 15:00:00.000,675,Swansea,2,NULL,1
9,Premier League,333,2016-2017,76137,2017-05-13 15:00:00.000,575,Sunderland,0,NULL,0
9,Premier League,333,2016-2017,76138,2017-05-14 16:30:00.000,562,Manchester United,1,NULL,0
9,Premier League,333,2016-2017,76138,2017-05-14 16:30:00.000,564,Tottenham,2,NULL,1
9,Premier League,333,2016-2017,76139,2017-05-12 20:00:00.000,580,Chelsea,1,NULL,1
9,Premier League,333,2016-2017,76139,2017-05-12 20:00:00.000,665,West Bromwich,0,NULL,0
9,Premier League,333,2016-2017,76140,2017-05-14 14:15:00.000,565,Liverpool,4,NULL,1
9,Premier League,333,2016-2017,76140,2017-05-14 14:15:00.000,571,West Ham United,0,NULL,0
9,Premier League,333,2016-2017,76141,2017-05-21 15:00:00.000,568,Everton,1,NULL,0
9,Premier League,333,2016-2017,76141,2017-05-21 15:00:00.000,569,Arsenal,3,NULL,1
9,Premier League,333,2016-2017,76142,2017-05-21 15:00:00.000,571,West Ham United,2,NULL,1
9,Premier League,333,2016-2017,76142,2017-05-21 15:00:00.000,2199,Burnley,1,NULL,0
9,Premier League,333,2016-2017,76143,2017-05-21 15:00:00.000,575,Sunderland,1,NULL,0
9,Premier League,333,2016-2017,76143,2017-05-21 15:00:00.000,580,Chelsea,5,NULL,1
9,Premier League,333,2016-2017,76144,2017-05-21 15:00:00.000,564,Tottenham,7,NULL,1
9,Premier League,333,2016-2017,76144,2017-05-21 15:00:00.000,2138,Hull City,1,NULL,0
9,Premier League,333,2016-2017,76145,2017-05-21 15:00:00.000,2276,AFC Bournemouth,1,NULL,2
9,Premier League,333,2016-2017,76145,2017-05-21 15:00:00.000,2198,Leicester City,1,NULL,2
9,Premier League,333,2016-2017,76146,2017-05-21 15:00:00.000,2294,Middlesbrough,0,NULL,0
9,Premier League,333,2016-2017,76146,2017-05-21 15:00:00.000,565,Liverpool,3,NULL,1
9,Premier League,333,2016-2017,76147,2017-05-21 15:00:00.000,2139,Crystal Palace,0,NULL,0
9,Premier League,333,2016-2017,76147,2017-05-21 15:00:00.000,562,Manchester United,2,NULL,1
9,Premier League,333,2016-2017,76148,2017-05-21 15:00:00.000,578,Stoke,1,NULL,1
9,Premier League,333,2016-2017,76148,2017-05-21 15:00:00.000,2108,Southampton,0,NULL,0
9,Premier League,333,2016-2017,76149,2017-05-21 15:00:00.000,665,West Bromwich,1,NULL,0
9,Premier League,333,2016-2017,76149,2017-05-21 15:00:00.000,675,Swansea,2,NULL,1
9,Premier League,333,2016-2017,76150,2017-05-21 15:00:00.000,573,Manchester City,5,NULL,1
9,Premier League,333,2016-2017,76150,2017-05-21 15:00:00.000,2275,Watford,0,NULL,0
9,Premier League,333,2016-2017,76156,2017-03-19 12:00:00.000,562,Manchester United,3,NULL,1
9,Premier League,333,2016-2017,76156,2017-03-19 12:00:00.000,2294,Middlesbrough,1,NULL,0
9,Premier League,333,2016-2017,76157,2017-04-08 15:00:00.000,2199,Burnley,0,NULL,2
9,Premier League,333,2016-2017,76157,2017-04-08 15:00:00.000,2294,Middlesbrough,0,NULL,2
9,Premier League,333,2016-2017,76158,2017-04-17 20:00:00.000,569,Arsenal,2,NULL,1
9,Premier League,333,2016-2017,76158,2017-04-17 20:00:00.000,2294,Middlesbrough,1,NULL,0
9,Premier League,333,2016-2017,76159,2017-04-30 14:05:00.000,573,Manchester City,2,NULL,2
9,Premier League,333,2016-2017,76159,2017-04-30 14:05:00.000,2294,Middlesbrough,2,NULL,2
9,Premier League,333,2016-2017,76160,2017-05-13 15:00:00.000,2108,Southampton,2,NULL,1
9,Premier League,333,2016-2017,76160,2017-05-13 15:00:00.000,2294,Middlesbrough,1,NULL,0
9,Premier League,333,2016-2017,76165,2017-01-02 07:30:00.000,2198,Leicester City,0,NULL,2
9,Premier League,333,2016-2017,76165,2017-01-02 07:30:00.000,2294,Middlesbrough,0,NULL,2
9,Premier League,333,2016-2017,76166,2017-01-21 10:00:00.000,571,West Ham United,3,NULL,1
9,Premier League,333,2016-2017,76166,2017-01-21 10:00:00.000,2294,Middlesbrough,1,NULL,0
9,Premier League,333,2016-2017,76167,2017-01-31 14:45:00.000,665,West Bromwich,1,NULL,2
9,Premier League,333,2016-2017,76167,2017-01-31 14:45:00.000,2294,Middlesbrough,1,NULL,2
9,Premier League,333,2016-2017,76168,2017-02-11 10:00:00.000,568,Everton,0,NULL,2
9,Premier League,333,2016-2017,76168,2017-02-11 10:00:00.000,2294,Middlesbrough,0,NULL,2
9,Premier League,333,2016-2017,76169,2017-04-26 19:45:00.000,575,Sunderland,0,NULL,0
9,Premier League,333,2016-2017,76169,2017-04-26 19:45:00.000,2294,Middlesbrough,1,NULL,1
7,Ligue 1,334,2016-2017,76360,2017-01-14 14:00:00.000,646,Bordeaux,1,NULL,2
7,Ligue 1,334,2016-2017,76360,2017-01-14 14:00:00.000,2281,Angers,1,NULL,2
7,Ligue 1,334,2016-2017,76361,2017-01-14 14:00:00.000,2111,Bastia,0,NULL,0
7,Ligue 1,334,2016-2017,76361,2017-01-14 14:00:00.000,700,Nancy,1,NULL,1
7,Ligue 1,334,2016-2017,76362,2017-01-15 11:00:00.000,640,Lyon,2,NULL,0
7,Ligue 1,334,2016-2017,76362,2017-01-15 11:00:00.000,1917,Caen,3,NULL,1
7,Ligue 1,334,2016-2017,76363,2017-01-13 14:45:00.000,697,Saint Etienne,1,NULL,2
7,Ligue 1,334,2016-2017,76363,2017-01-13 14:45:00.000,689,Lille,1,NULL,2
7,Ligue 1,334,2016-2017,76364,2017-01-14 14:00:00.000,2134,En Avant de Guingamp,1,NULL,0
7,Ligue 1,334,2016-2017,76364,2017-01-14 14:00:00.000,690,Lorient,3,NULL,1
7,Ligue 1,334,2016-2017,76365,2017-01-15 15:00:00.000,691,Monaco,4,NULL,1
7,Ligue 1,334,2016-2017,76365,2017-01-15 15:00:00.000,651,Marseille,1,NULL,0
7,Ligue 1,334,2016-2017,76366,2017-01-14 14:00:00.000,2032,Dijon,1,NULL,2
7,Ligue 1,334,2016-2017,76366,2017-01-14 14:00:00.000,693,Montpellier,1,NULL,2
7,Ligue 1,334,2016-2017,76367,2017-01-15 09:00:00.000,2200,Metz,0,NULL,2
7,Ligue 1,334,2016-2017,76367,2017-01-15 09:00:00.000,698,Nice,0,NULL,2
7,Ligue 1,334,2016-2017,76368,2017-01-14 11:00:00.000,694,Paris Saint Germain,1,NULL,1
7,Ligue 1,334,2016-2017,76368,2017-01-14 11:00:00.000,695,Rennes,0,NULL,0
7,Ligue 1,334,2016-2017,76369,2017-01-14 14:00:00.000,2135,Nantes,1,NULL,1
7,Ligue 1,334,2016-2017,76369,2017-01-14 14:00:00.000,692,Toulouse,0,NULL,0
7,Ligue 1,334,2016-2017,76370,2017-01-22 09:00:00.000,690,Lorient,0,NULL,0
7,Ligue 1,334,2016-2017,76370,2017-01-22 09:00:00.000,691,Monaco,4,NULL,1
7,Ligue 1,334,2016-2017,76371,2017-01-20 14:45:00.000,698,Nice,1,NULL,2
7,Ligue 1,334,2016-2017,76371,2017-01-20 14:45:00.000,2111,Bastia,1,NULL,2
7,Ligue 1,334,2016-2017,76372,2017-01-21 14:00:00.000,692,Toulouse,0,NULL,0
7,Ligue 1,334,2016-2017,76372,2017-01-21 14:00:00.000,646,Bordeaux,1,NULL,1
7,Ligue 1,334,2016-2017,76373,2017-01-21 14:00:00.000,700,Nancy,0,NULL,2
7,Ligue 1,334,2016-2017,76373,2017-01-21 14:00:00.000,1917,Caen,0,NULL,2
7,Ligue 1,334,2016-2017,76374,2017-01-21 14:00:00.000,689,Lille,0,NULL,2
7,Ligue 1,334,2016-2017,76374,2017-01-21 14:00:00.000,2032,Dijon,0,NULL,2
7,Ligue 1,334,2016-2017,76375,2017-01-21 14:00:00.000,695,Rennes,1,NULL,2
7,Ligue 1,334,2016-2017,76375,2017-01-21 14:00:00.000,2134,En Avant de Guingamp,1,NULL,2
7,Ligue 1,334,2016-2017,76376,2017-01-22 15:00:00.000,651,Marseille,1,NULL,0
7,Ligue 1,334,2016-2017,76376,2017-01-22 15:00:00.000,640,Lyon,3,NULL,1
7,Ligue 1,334,2016-2017,76377,2017-01-21 14:00:00.000,693,Montpellier,0,NULL,0
7,Ligue 1,334,2016-2017,76377,2017-01-21 14:00:00.000,2200,Metz,2,NULL,1
7,Ligue 1,334,2016-2017,76378,2017-01-21 11:00:00.000,694,Paris Saint Germain,2,NULL,1
7,Ligue 1,334,2016-2017,76378,2017-01-21 11:00:00.000,2135,Nantes,0,NULL,0
7,Ligue 1,334,2016-2017,76379,2017-01-22 11:00:00.000,2281,Angers,1,NULL,0
7,Ligue 1,334,2016-2017,76379,2017-01-22 11:00:00.000,697,Saint Etienne,2,NULL,1
7,Ligue 1,334,2016-2017,76380,2017-01-28 14:00:00.000,2200,Metz,1,NULL,0
7,Ligue 1,334,2016-2017,76380,2017-01-28 14:00:00.000,2281,Angers,2,NULL,1
7,Ligue 1,334,2016-2017,76381,2017-01-28 14:00:00.000,646,Bordeaux,2,NULL,1
7,Ligue 1,334,2016-2017,76381,2017-01-28 14:00:00.000,700,Nancy,0,NULL,0
7,Ligue 1,334,2016-2017,76382,2017-01-28 14:00:00.000,1917,Caen,1,NULL,2
7,Ligue 1,334,2016-2017,76382,2017-01-28 14:00:00.000,2111,Bastia,1,NULL,2
7,Ligue 1,334,2016-2017,76383,2017-01-28 14:00:00.000,2032,Dijon,3,NULL,1
7,Ligue 1,334,2016-2017,76383,2017-01-28 14:00:00.000,690,Lorient,2,NULL,0
7,Ligue 1,334,2016-2017,76384,2017-01-28 11:00:00.000,689,Lille,2,NULL,1
7,Ligue 1,334,2016-2017,76384,2017-01-28 11:00:00.000,640,Lyon,1,NULL,0
7,Ligue 1,334,2016-2017,76385,2017-01-27 14:45:00.000,693,Montpellier,1,NULL,0
7,Ligue 1,334,2016-2017,76385,2017-01-27 14:45:00.000,651,Marseille,5,NULL,1
7,Ligue 1,334,2016-2017,76386,2017-01-29 09:00:00.000,2134,En Avant de Guingamp,1,NULL,0
7,Ligue 1,334,2016-2017,76386,2017-01-29 09:00:00.000,698,Nice,3,NULL,1
7,Ligue 1,334,2016-2017,76387,2017-01-29 15:00:00.000,691,Monaco,1,NULL,2
7,Ligue 1,334,2016-2017,76387,2017-01-29 15:00:00.000,694,Paris Saint Germain,1,NULL,2
7,Ligue 1,334,2016-2017,76388,2017-01-28 14:00:00.000,2135,Nantes,1,NULL,2
7,Ligue 1,334,2016-2017,76388,2017-01-28 14:00:00.000,695,Rennes,1,NULL,2
7,Ligue 1,334,2016-2017,76389,2017-01-29 11:00:00.000,697,Saint Etienne,3,NULL,1
7,Ligue 1,334,2016-2017,76389,2017-01-29 11:00:00.000,692,Toulouse,0,NULL,0
7,Ligue 1,334,2016-2017,76390,2017-02-04 11:00:00.000,698,Nice,0,NULL,0
7,Ligue 1,334,2016-2017,76390,2017-02-04 11:00:00.000,691,Monaco,3,NULL,1
7,Ligue 1,334,2016-2017,76391,2017-02-04 14:00:00.000,695,Rennes,1,NULL,2
7,Ligue 1,334,2016-2017,76391,2017-02-04 14:00:00.000,646,Bordeaux,1,NULL,2
7,Ligue 1,334,2016-2017,76392,2017-02-04 14:00:00.000,694,Paris Saint Germain,3,NULL,1
7,Ligue 1,334,2016-2017,76392,2017-02-04 14:00:00.000,2032,Dijon,1,NULL,0
7,Ligue 1,334,2016-2017,76393,2017-02-04 14:00:00.000,1917,Caen,1,NULL,1
7,Ligue 1,334,2016-2017,76393,2017-02-04 14:00:00.000,2134,En Avant de Guingamp,0,NULL,0
7,Ligue 1,334,2016-2017,76394,2017-02-04 14:00:00.000,690,Lorient,1,NULL,1
7,Ligue 1,334,2016-2017,76394,2017-02-04 14:00:00.000,689,Lille,0,NULL,0
7,Ligue 1,334,2016-2017,76395,2017-02-03 14:45:00.000,651,Marseille,0,NULL,0
7,Ligue 1,334,2016-2017,76395,2017-02-03 14:45:00.000,2200,Metz,1,NULL,1
7,Ligue 1,334,2016-2017,76396,2017-02-04 14:00:00.000,2111,Bastia,1,NULL,0
7,Ligue 1,334,2016-2017,76396,2017-02-04 14:00:00.000,693,Montpellier,2,NULL,1
7,Ligue 1,334,2016-2017,76397,2017-02-05 11:00:00.000,700,Nancy,2,NULL,1
7,Ligue 1,334,2016-2017,76397,2017-02-05 11:00:00.000,2135,Nantes,0,NULL,0
7,Ligue 1,334,2016-2017,76398,2017-02-05 15:00:00.000,640,Lyon,0,NULL,0
7,Ligue 1,334,2016-2017,76398,2017-02-05 15:00:00.000,697,Saint Etienne,2,NULL,1
7,Ligue 1,334,2016-2017,76399,2017-02-05 09:00:00.000,2281,Angers,0,NULL,0
7,Ligue 1,334,2016-2017,76399,2017-02-05 09:00:00.000,692,Toulouse,4,NULL,1
7,Ligue 1,334,2016-2017,76400,2017-02-08 13:00:00.000,695,Rennes,0,NULL,2
7,Ligue 1,334,2016-2017,76400,2017-02-08 13:00:00.000,2281,Angers,0,NULL,2
7,Ligue 1,334,2016-2017,76401,2017-02-08 13:00:00.000,2135,Nantes,0,NULL,2
7,Ligue 1,334,2016-2017,76401,2017-02-08 13:00:00.000,2111,Bastia,0,NULL,2
7,Ligue 1,334,2016-2017,76402,2017-02-07 13:00:00.000,646,Bordeaux,4,NULL,1
7,Ligue 1,334,2016-2017,76402,2017-02-07 13:00:00.000,1917,Caen,0,NULL,0
7,Ligue 1,334,2016-2017,76403,2017-02-08 13:00:00.000,692,Toulouse,1,NULL,2
7,Ligue 1,334,2016-2017,76403,2017-02-08 13:00:00.000,690,Lorient,1,NULL,2
7,Ligue 1,334,2016-2017,76404,2017-02-08 13:00:00.000,700,Nancy,0,NULL,0
7,Ligue 1,334,2016-2017,76404,2017-02-08 13:00:00.000,640,Lyon,4,NULL,1
7,Ligue 1,334,2016-2017,76405,2017-02-08 15:00:00.000,2134,En Avant de Guingamp,0,NULL,0
7,Ligue 1,334,2016-2017,76405,2017-02-08 15:00:00.000,651,Marseille,2,NULL,1
7,Ligue 1,334,2016-2017,76406,2017-02-08 13:00:00.000,2032,Dijon,1,NULL,0
7,Ligue 1,334,2016-2017,76406,2017-02-08 13:00:00.000,2200,Metz,2,NULL,1
7,Ligue 1,334,2016-2017,76407,2017-02-07 13:00:00.000,691,Monaco,2,NULL,1
7,Ligue 1,334,2016-2017,76407,2017-02-07 13:00:00.000,693,Montpellier,1,NULL,0
7,Ligue 1,334,2016-2017,76408,2017-02-08 13:00:00.000,697,Saint Etienne,0,NULL,0
7,Ligue 1,334,2016-2017,76408,2017-02-08 13:00:00.000,698,Nice,1,NULL,1
7,Ligue 1,334,2016-2017,76409,2017-02-07 15:00:00.000,689,Lille,1,NULL,0
7,Ligue 1,334,2016-2017,76409,2017-02-07 15:00:00.000,694,Paris Saint Germain,2,NULL,1
7,Ligue 1,334,2016-2017,76410,2017-02-11 14:00:00.000,2200,Metz,0,NULL,0
7,Ligue 1,334,2016-2017,76410,2017-02-11 14:00:00.000,691,Monaco,5,NULL,1
7,Ligue 1,334,2016-2017,76411,2017-02-11 14:00:00.000,693,Montpellier,3,NULL,1
7,Ligue 1,334,2016-2017,76411,2017-02-11 14:00:00.000,700,Nancy,0,NULL,0
7,Ligue 1,334,2016-2017,76412,2017-02-10 14:45:00.000,694,Paris Saint Germain,3,NULL,1
7,Ligue 1,334,2016-2017,76412,2017-02-10 14:45:00.000,646,Bordeaux,0,NULL,0
7,Ligue 1,334,2016-2017,76413,2017-02-11 14:00:00.000,1917,Caen,0,NULL,0
7,Ligue 1,334,2016-2017,76413,2017-02-11 14:00:00.000,2032,Dijon,2,NULL,1
7,Ligue 1,334,2016-2017,76414,2017-02-11 11:00:00.000,640,Lyon,1,NULL,0
7,Ligue 1,334,2016-2017,76414,2017-02-11 11:00:00.000,2134,En Avant de Guingamp,2,NULL,1
7,Ligue 1,334,2016-2017,76415,2017-02-11 14:00:00.000,2281,Angers,2,NULL,1
7,Ligue 1,334,2016-2017,76415,2017-02-11 14:00:00.000,689,Lille,1,NULL,0
7,Ligue 1,334,2016-2017,76416,2017-02-12 15:00:00.000,651,Marseille,2,NULL,0
7,Ligue 1,334,2016-2017,76416,2017-02-12 15:00:00.000,2135,Nantes,3,NULL,1
7,Ligue 1,334,2016-2017,76417,2017-02-12 11:00:00.000,690,Lorient,0,NULL,0
7,Ligue 1,334,2016-2017,76417,2017-02-12 11:00:00.000,697,Saint Etienne,4,NULL,1
7,Ligue 1,334,2016-2017,76418,2017-02-12 09:00:00.000,698,Nice,2,NULL,2
7,Ligue 1,334,2016-2017,76418,2017-02-12 09:00:00.000,695,Rennes,2,NULL,2
7,Ligue 1,334,2016-2017,76419,2017-02-11 14:00:00.000,2111,Bastia,1,NULL,0
7,Ligue 1,334,2016-2017,76419,2017-02-11 14:00:00.000,692,Toulouse,4,NULL,1
7,Ligue 1,334,2016-2017,76420,2017-02-18 14:00:00.000,700,Nancy,0,NULL,0
7,Ligue 1,334,2016-2017,76420,2017-02-18 14:00:00.000,2281,Angers,1,NULL,1
7,Ligue 1,334,2016-2017,76421,2017-02-17 14:45:00.000,691,Monaco,1,NULL,2
7,Ligue 1,334,2016-2017,76421,2017-02-17 14:45:00.000,2111,Bastia,1,NULL,2
7,Ligue 1,334,2016-2017,76422,2017-02-19 09:00:00.000,2134,En Avant de Guingamp,0,NULL,0
7,Ligue 1,334,2016-2017,76422,2017-02-19 09:00:00.000,646,Bordeaux,3,NULL,1
7,Ligue 1,334,2016-2017,76423,2017-02-18 14:00:00.000,689,Lille,1,NULL,1
7,Ligue 1,334,2016-2017,76423,2017-02-18 14:00:00.000,1917,Caen,0,NULL,0
7,Ligue 1,334,2016-2017,76424,2017-02-18 14:00:00.000,698,Nice,1,NULL,1
7,Ligue 1,334,2016-2017,76424,2017-02-18 14:00:00.000,690,Lorient,0,NULL,0
7,Ligue 1,334,2016-2017,76425,2017-02-19 11:00:00.000,2032,Dijon,2,NULL,0
7,Ligue 1,334,2016-2017,76425,2017-02-19 11:00:00.000,640,Lyon,4,NULL,1
7,Ligue 1,334,2016-2017,76426,2017-02-18 11:00:00.000,695,Rennes,0,NULL,0
7,Ligue 1,334,2016-2017,76426,2017-02-18 11:00:00.000,651,Marseille,2,NULL,1
7,Ligue 1,334,2016-2017,76427,2017-02-18 14:00:00.000,2135,Nantes,1,NULL,2
7,Ligue 1,334,2016-2017,76427,2017-02-18 14:00:00.000,2200,Metz,1,NULL,2
7,Ligue 1,334,2016-2017,76428,2017-02-19 11:00:00.000,697,Saint Etienne,1,NULL,0
7,Ligue 1,334,2016-2017,76428,2017-02-19 11:00:00.000,693,Montpellier,2,NULL,1
7,Ligue 1,334,2016-2017,76429,2017-02-19 15:00:00.000,692,Toulouse,0,NULL,2
7,Ligue 1,334,2016-2017,76429,2017-02-19 15:00:00.000,694,Paris Saint Germain,0,NULL,2
7,Ligue 1,334,2016-2017,76430,2017-02-25 14:00:00.000,2111,Bastia,0,NULL,0
7,Ligue 1,334,2016-2017,76430,2017-02-25 14:00:00.000,2281,Angers,3,NULL,1
7,Ligue 1,334,2016-2017,76431,2017-02-25 14:00:00.000,692,Toulouse,0,NULL,2
7,Ligue 1,334,2016-2017,76431,2017-02-25 14:00:00.000,700,Nancy,0,NULL,2
7,Ligue 1,334,2016-2017,76432,2017-02-25 11:00:00.000,691,Monaco,2,NULL,1
7,Ligue 1,334,2016-2017,76432,2017-02-25 11:00:00.000,2134,En Avant de Guingamp,1,NULL,0
7,Ligue 1,334,2016-2017,76433,2017-02-25 14:00:00.000,646,Bordeaux,3,NULL,1
7,Ligue 1,334,2016-2017,76433,2017-02-25 14:00:00.000,689,Lille,2,NULL,0
7,Ligue 1,334,2016-2017,76434,2017-02-26 11:00:00.000,2200,Metz,0,NULL,0
7,Ligue 1,334,2016-2017,76434,2017-02-26 11:00:00.000,640,Lyon,5,NULL,1
7,Ligue 1,334,2016-2017,76435,2017-02-26 21:00:00.000,694,Paris Saint Germain,5,NULL,1
7,Ligue 1,334,2016-2017,76435,2017-02-26 21:00:00.000,651,Marseille,1,NULL,0
7,Ligue 1,334,2016-2017,76436,2017-02-24 19:00:00.000,2032,Dijon,1,NULL,0
7,Ligue 1,334,2016-2017,76436,2017-02-24 19:00:00.000,2135,Nantes,3,NULL,1
7,Ligue 1,334,2016-2017,76437,2017-02-24 14:45:00.000,693,Montpellier,1,NULL,0
7,Ligue 1,334,2016-2017,76437,2017-02-24 14:45:00.000,698,Nice,2,NULL,1
7,Ligue 1,334,2016-2017,76438,2017-02-26 09:00:00.000,1917,Caen,1,NULL,1
7,Ligue 1,334,2016-2017,76438,2017-02-26 09:00:00.000,697,Saint Etienne,0,NULL,0
7,Ligue 1,334,2016-2017,76439,2017-02-25 14:00:00.000,690,Lorient,0,NULL,0
7,Ligue 1,334,2016-2017,76439,2017-02-25 14:00:00.000,695,Rennes,1,NULL,1
7,Ligue 1,334,2016-2017,76440,2017-03-05 15:00:00.000,2135,Nantes,0,NULL,0
7,Ligue 1,334,2016-2017,76440,2017-03-05 15:00:00.000,691,Monaco,4,NULL,1
7,Ligue 1,334,2016-2017,76441,2017-03-04 14:00:00.000,697,Saint Etienne,0,NULL,2
7,Ligue 1,334,2016-2017,76441,2017-03-04 14:00:00.000,2111,Bastia,0,NULL,2
7,Ligue 1,334,2016-2017,76442,2017-03-03 14:45:00.000,640,Lyon,1,NULL,2
7,Ligue 1,334,2016-2017,76442,2017-03-03 14:45:00.000,646,Bordeaux,1,NULL,2
7,Ligue 1,334,2016-2017,76443,2017-03-04 14:00:00.000,2281,Angers,3,NULL,1
7,Ligue 1,334,2016-2017,76443,2017-03-04 14:00:00.000,1917,Caen,2,NULL,0
7,Ligue 1,334,2016-2017,76444,2017-03-04 14:00:00.000,698,Nice,1,NULL,1
7,Ligue 1,334,2016-2017,76444,2017-03-04 14:00:00.000,2032,Dijon,0,NULL,0
7,Ligue 1,334,2016-2017,76445,2017-03-05 09:00:00.000,651,Marseille,4,NULL,1
7,Ligue 1,334,2016-2017,76445,2017-03-05 09:00:00.000,690,Lorient,1,NULL,0
7,Ligue 1,334,2016-2017,76446,2017-03-04 14:00:00.000,695,Rennes,1,NULL,2
7,Ligue 1,334,2016-2017,76446,2017-03-04 14:00:00.000,2200,Metz,1,NULL,2
7,Ligue 1,334,2016-2017,76447,2017-03-04 14:00:00.000,2134,En Avant de Guingamp,1,NULL,2
7,Ligue 1,334,2016-2017,76447,2017-03-04 14:00:00.000,693,Montpellier,1,NULL,2
7,Ligue 1,334,2016-2017,76448,2017-03-04 11:00:00.000,700,Nancy,0,NULL,0
7,Ligue 1,334,2016-2017,76448,2017-03-04 11:00:00.000,694,Paris Saint Germain,1,NULL,1
7,Ligue 1,334,2016-2017,76449,2017-03-05 11:00:00.000,689,Lille,1,NULL,2
7,Ligue 1,334,2016-2017,76449,2017-03-05 11:00:00.000,692,Toulouse,1,NULL,2
7,Ligue 1,334,2016-2017,76450,2017-03-11 10:45:00.000,646,Bordeaux,1,NULL,0
7,Ligue 1,334,2016-2017,76450,2017-03-11 10:45:00.000,691,Monaco,2,NULL,1
7,Ligue 1,334,2016-2017,76451,2017-03-11 14:00:00.000,689,Lille,2,NULL,1
7,Ligue 1,334,2016-2017,76451,2017-03-11 14:00:00.000,700,Nancy,1,NULL,0
7,Ligue 1,334,2016-2017,76452,2017-03-11 14:00:00.000,2111,Bastia,0,NULL,0
7,Ligue 1,334,2016-2017,76452,2017-03-11 14:00:00.000,2134,En Avant de Guingamp,5,NULL,1
7,Ligue 1,334,2016-2017,76453,2017-03-12 16:00:00.000,694,Paris Saint Germain,2,NULL,1
7,Ligue 1,334,2016-2017,76453,2017-03-12 16:00:00.000,690,Lorient,1,NULL,0
7,Ligue 1,334,2016-2017,76454,2017-03-12 12:00:00.000,692,Toulouse,0,NULL,0
7,Ligue 1,334,2016-2017,76454,2017-03-12 12:00:00.000,640,Lyon,4,NULL,1
7,Ligue 1,334,2016-2017,76455,2017-03-10 14:45:00.000,2281,Angers,0,NULL,0
7,Ligue 1,334,2016-2017,76455,2017-03-10 14:45:00.000,651,Marseille,3,NULL,1
7,Ligue 1,334,2016-2017,76456,2017-03-11 14:00:00.000,2135,Nantes,3,NULL,1
7,Ligue 1,334,2016-2017,76456,2017-03-11 14:00:00.000,693,Montpellier,2,NULL,0
7,Ligue 1,334,2016-2017,76457,2017-03-10 13:00:00.000,1917,Caen,2,NULL,2
7,Ligue 1,334,2016-2017,76457,2017-03-10 13:00:00.000,698,Nice,2,NULL,2
7,Ligue 1,334,2016-2017,76458,2017-03-12 10:00:00.000,2200,Metz,2,NULL,2
7,Ligue 1,334,2016-2017,76458,2017-03-12 10:00:00.000,697,Saint Etienne,2,NULL,2
7,Ligue 1,334,2016-2017,76459,2017-03-11 14:00:00.000,2032,Dijon,1,NULL,2
7,Ligue 1,334,2016-2017,76459,2017-03-11 14:00:00.000,695,Rennes,1,NULL,2
7,Ligue 1,334,2016-2017,76460,2017-03-18 20:00:00.000,2134,En Avant de Guingamp,0,NULL,0
7,Ligue 1,334,2016-2017,76460,2017-03-18 20:00:00.000,2281,Angers,3,NULL,1
7,Ligue 1,334,2016-2017,76461,2017-03-18 20:00:00.000,690,Lorient,3,NULL,1
7,Ligue 1,334,2016-2017,76461,2017-03-18 20:00:00.000,700,Nancy,2,NULL,0
7,Ligue 1,334,2016-2017,76462,2017-03-18 20:00:00.000,693,Montpellier,1,NULL,0
7,Ligue 1,334,2016-2017,76462,2017-03-18 20:00:00.000,646,Bordeaux,5,NULL,1
7,Ligue 1,334,2016-2017,76463,2017-03-19 15:00:00.000,691,Monaco,3,NULL,1
7,Ligue 1,334,2016-2017,76463,2017-03-19 15:00:00.000,1917,Caen,0,NULL,0
7,Ligue 1,334,2016-2017,76464,2017-03-19 17:00:00.000,697,Saint Etienne,1,NULL,1
7,Ligue 1,334,2016-2017,76464,2017-03-19 17:00:00.000,2032,Dijon,0,NULL,0
7,Ligue 1,334,2016-2017,76465,2017-03-17 20:45:00.000,651,Marseille,0,NULL,2
7,Ligue 1,334,2016-2017,76465,2017-03-17 20:45:00.000,689,Lille,0,NULL,2
7,Ligue 1,334,2016-2017,76466,2017-03-17 19:00:00.000,2111,Bastia,0,NULL,0
7,Ligue 1,334,2016-2017,76466,2017-03-17 19:00:00.000,2200,Metz,1,NULL,1
7,Ligue 1,334,2016-2017,76467,2017-03-18 17:00:00.000,698,Nice,1,NULL,2
7,Ligue 1,334,2016-2017,76467,2017-03-18 17:00:00.000,2135,Nantes,1,NULL,2
7,Ligue 1,334,2016-2017,76468,2017-03-19 21:00:00.000,640,Lyon,1,NULL,0
7,Ligue 1,334,2016-2017,76468,2017-03-19 21:00:00.000,694,Paris Saint Germain,2,NULL,1
7,Ligue 1,334,2016-2017,76469,2017-03-18 20:00:00.000,695,Rennes,0,NULL,2
7,Ligue 1,334,2016-2017,76469,2017-03-18 20:00:00.000,692,Toulouse,0,NULL,2
7,Ligue 1,334,2016-2017,76470,2017-05-17 21:00:00.000,697,Saint Etienne,0,NULL,0
7,Ligue 1,334,2016-2017,76470,2017-05-17 21:00:00.000,691,Monaco,2,NULL,1
7,Ligue 1,334,2016-2017,76471,2017-04-01 19:00:00.000,689,Lille,1,NULL,1
7,Ligue 1,334,2016-2017,76471,2017-04-01 19:00:00.000,2111,Bastia,0,NULL,0
7,Ligue 1,334,2016-2017,76472,2017-03-31 19:00:00.000,700,Nancy,0,NULL,0
7,Ligue 1,334,2016-2017,76472,2017-03-31 19:00:00.000,2134,En Avant de Guingamp,1,NULL,1
7,Ligue 1,334,2016-2017,76473,2017-04-02 17:00:00.000,1917,Caen,0,NULL,0
7,Ligue 1,334,2016-2017,76473,2017-04-02 17:00:00.000,690,Lorient,1,NULL,1
7,Ligue 1,334,2016-2017,76474,2017-04-01 17:00:00.000,2032,Dijon,1,NULL,2
7,Ligue 1,334,2016-2017,76474,2017-04-01 17:00:00.000,651,Marseille,1,NULL,2
7,Ligue 1,334,2016-2017,76475,2017-04-18 18:30:00.000,694,Paris Saint Germain,3,NULL,1
7,Ligue 1,334,2016-2017,76475,2017-04-18 18:30:00.000,2200,Metz,2,NULL,0
7,Ligue 1,334,2016-2017,76476,2017-04-02 17:00:00.000,692,Toulouse,1,NULL,1
7,Ligue 1,334,2016-2017,76476,2017-04-02 17:00:00.000,693,Montpellier,0,NULL,0
7,Ligue 1,334,2016-2017,76477,2017-04-02 17:00:00.000,2281,Angers,1,NULL,0
7,Ligue 1,334,2016-2017,76477,2017-04-02 17:00:00.000,2135,Nantes,2,NULL,1
7,Ligue 1,334,2016-2017,76478,2017-04-02 21:00:00.000,646,Bordeaux,1,NULL,0
7,Ligue 1,334,2016-2017,76478,2017-04-02 21:00:00.000,698,Nice,2,NULL,1
7,Ligue 1,334,2016-2017,76479,2017-04-02 15:00:00.000,640,Lyon,1,NULL,2
7,Ligue 1,334,2016-2017,76479,2017-04-02 15:00:00.000,695,Rennes,1,NULL,2
7,Ligue 1,334,2016-2017,76480,2017-04-08 17:00:00.000,691,Monaco,1,NULL,1
7,Ligue 1,334,2016-2017,76480,2017-04-08 17:00:00.000,2281,Angers,0,NULL,0
7,Ligue 1,334,2016-2017,76481,2017-04-08 20:00:00.000,695,Rennes,0,NULL,0
7,Ligue 1,334,2016-2017,76481,2017-04-08 20:00:00.000,700,Nancy,3,NULL,1
7,Ligue 1,334,2016-2017,76482,2017-04-08 20:00:00.000,2200,Metz,0,NULL,0
7,Ligue 1,334,2016-2017,76482,2017-04-08 20:00:00.000,646,Bordeaux,3,NULL,1
7,Ligue 1,334,2016-2017,76483,2017-04-08 20:00:00.000,693,Montpellier,2,NULL,1
7,Ligue 1,334,2016-2017,76483,2017-04-08 20:00:00.000,1917,Caen,0,NULL,0
7,Ligue 1,334,2016-2017,76484,2017-04-08 20:00:00.000,2111,Bastia,2,NULL,1
7,Ligue 1,334,2016-2017,76484,2017-04-08 20:00:00.000,2032,Dijon,1,NULL,0
7,Ligue 1,334,2016-2017,76485,2017-04-07 20:45:00.000,698,Nice,2,NULL,1
7,Ligue 1,334,2016-2017,76485,2017-04-07 20:45:00.000,689,Lille,1,NULL,0
7,Ligue 1,334,2016-2017,76486,2017-04-08 20:00:00.000,690,Lorient,4,NULL,1
7,Ligue 1,334,2016-2017,76486,2017-04-08 20:00:00.000,640,Lyon,1,NULL,0
7,Ligue 1,334,2016-2017,76487,2017-04-09 21:00:00.000,2134,En Avant de Guingamp,0,NULL,0
7,Ligue 1,334,2016-2017,76487,2017-04-09 21:00:00.000,694,Paris Saint Germain,4,NULL,1
7,Ligue 1,334,2016-2017,76488,2017-04-09 17:00:00.000,2135,Nantes,1,NULL,2
7,Ligue 1,334,2016-2017,76488,2017-04-09 17:00:00.000,697,Saint Etienne,1,NULL,2
7,Ligue 1,334,2016-2017,76489,2017-04-09 15:00:00.000,651,Marseille,0,NULL,2
7,Ligue 1,334,2016-2017,76489,2017-04-09 15:00:00.000,692,Toulouse,0,NULL,2
7,Ligue 1,334,2016-2017,76490,2017-04-14 20:45:00.000,694,Paris Saint Germain,2,NULL,1
7,Ligue 1,334,2016-2017,76490,2017-04-14 20:45:00.000,2281,Angers,0,NULL,0
7,Ligue 1,334,2016-2017,76491,2017-04-15 21:00:00.000,2032,Dijon,1,NULL,0
7,Ligue 1,334,2016-2017,76491,2017-04-15 21:00:00.000,691,Monaco,2,NULL,1
7,Ligue 1,334,2016-2017,76492,2017-04-16 17:55:00.000,640,Lyon,3,NULL,1
7,Ligue 1,334,2016-2017,76492,2017-04-16 17:55:00.000,2111,Bastia,0,NULL,0
7,Ligue 1,334,2016-2017,76493,2017-04-15 20:00:00.000,692,Toulouse,1,NULL,0
7,Ligue 1,334,2016-2017,76493,2017-04-15 20:00:00.000,2134,En Avant de Guingamp,2,NULL,1
7,Ligue 1,334,2016-2017,76494,2017-04-16 21:00:00.000,697,Saint Etienne,0,NULL,0
7,Ligue 1,334,2016-2017,76494,2017-04-16 21:00:00.000,651,Marseille,4,NULL,1
7,Ligue 1,334,2016-2017,76495,2017-04-15 20:00:00.000,1917,Caen,2,NULL,2
7,Ligue 1,334,2016-2017,76495,2017-04-15 20:00:00.000,2200,Metz,2,NULL,2
7,Ligue 1,334,2016-2017,76496,2017-04-15 20:00:00.000,690,Lorient,0,NULL,0
7,Ligue 1,334,2016-2017,76496,2017-04-15 20:00:00.000,693,Montpellier,2,NULL,1
7,Ligue 1,334,2016-2017,76497,2017-04-16 15:00:00.000,646,Bordeaux,1,NULL,1
7,Ligue 1,334,2016-2017,76497,2017-04-16 15:00:00.000,2135,Nantes,0,NULL,0
7,Ligue 1,334,2016-2017,76498,2017-04-15 17:00:00.000,700,Nancy,1,NULL,0
7,Ligue 1,334,2016-2017,76498,2017-04-15 17:00:00.000,698,Nice,3,NULL,1
7,Ligue 1,334,2016-2017,76499,2017-04-15 20:00:00.000,689,Lille,0,NULL,0
7,Ligue 1,334,2016-2017,76499,2017-04-15 20:00:00.000,695,Rennes,2,NULL,1
7,Ligue 1,334,2016-2017,76500,2017-04-21 20:45:00.000,651,Marseille,0,NULL,2
7,Ligue 1,334,2016-2017,76500,2017-04-21 20:45:00.000,700,Nancy,0,NULL,2
7,Ligue 1,334,2016-2017,76501,2017-04-22 20:00:00.000,2111,Bastia,0,NULL,0
7,Ligue 1,334,2016-2017,76501,2017-04-22 20:00:00.000,646,Bordeaux,2,NULL,1
7,Ligue 1,334,2016-2017,76502,2017-04-22 20:00:00.000,2135,Nantes,2,NULL,1
7,Ligue 1,334,2016-2017,76502,2017-04-22 20:00:00.000,1917,Caen,0,NULL,0
7,Ligue 1,334,2016-2017,76503,2017-04-22 20:00:00.000,2281,Angers,2,NULL,0
7,Ligue 1,334,2016-2017,76503,2017-04-22 20:00:00.000,2032,Dijon,3,NULL,1
7,Ligue 1,334,2016-2017,76504,2017-04-22 20:00:00.000,2134,En Avant de Guingamp,0,NULL,0
7,Ligue 1,334,2016-2017,76504,2017-04-22 20:00:00.000,689,Lille,3,NULL,1
7,Ligue 1,334,2016-2017,76505,2017-04-22 20:00:00.000,2200,Metz,1,NULL,0
7,Ligue 1,334,2016-2017,76505,2017-04-22 20:00:00.000,690,Lorient,5,NULL,1
7,Ligue 1,334,2016-2017,76506,2017-04-23 21:15:00.000,691,Monaco,2,NULL,1
7,Ligue 1,334,2016-2017,76506,2017-04-23 21:15:00.000,640,Lyon,1,NULL,0
7,Ligue 1,334,2016-2017,76507,2017-04-22 17:00:00.000,693,Montpellier,0,NULL,0
7,Ligue 1,334,2016-2017,76507,2017-04-22 17:00:00.000,694,Paris Saint Germain,2,NULL,1
7,Ligue 1,334,2016-2017,76508,2017-04-23 17:00:00.000,695,Rennes,1,NULL,2
7,Ligue 1,334,2016-2017,76508,2017-04-23 17:00:00.000,697,Saint Etienne,1,NULL,2
7,Ligue 1,334,2016-2017,76509,2017-04-23 15:00:00.000,698,Nice,1,NULL,2
7,Ligue 1,334,2016-2017,76509,2017-04-23 15:00:00.000,692,Toulouse,1,NULL,2
7,Ligue 1,334,2016-2017,76510,2017-04-28 20:45:00.000,640,Lyon,2,NULL,1
7,Ligue 1,334,2016-2017,76510,2017-04-28 20:45:00.000,2281,Angers,1,NULL,0
7,Ligue 1,334,2016-2017,76511,2017-04-29 17:00:00.000,692,Toulouse,1,NULL,0
7,Ligue 1,334,2016-2017,76511,2017-04-29 17:00:00.000,691,Monaco,3,NULL,1
7,Ligue 1,334,2016-2017,76512,2017-04-29 20:00:00.000,695,Rennes,0,NULL,0
7,Ligue 1,334,2016-2017,76512,2017-04-29 20:00:00.000,2111,Bastia,1,NULL,1
7,Ligue 1,334,2016-2017,76513,2017-04-30 15:00:00.000,651,Marseille,5,NULL,1
7,Ligue 1,334,2016-2017,76513,2017-04-30 15:00:00.000,1917,Caen,1,NULL,0
7,Ligue 1,334,2016-2017,76514,2017-04-30 17:00:00.000,646,Bordeaux,0,NULL,2
7,Ligue 1,334,2016-2017,76514,2017-04-30 17:00:00.000,2032,Dijon,0,NULL,2
7,Ligue 1,334,2016-2017,76515,2017-04-29 20:00:00.000,697,Saint Etienne,2,NULL,1
7,Ligue 1,334,2016-2017,76515,2017-04-29 20:00:00.000,2134,En Avant de Guingamp,0,NULL,0
7,Ligue 1,334,2016-2017,76516,2017-04-29 20:00:00.000,700,Nancy,1,NULL,0
7,Ligue 1,334,2016-2017,76516,2017-04-29 20:00:00.000,2200,Metz,2,NULL,1
7,Ligue 1,334,2016-2017,76517,2017-04-29 20:00:00.000,689,Lille,3,NULL,1
7,Ligue 1,334,2016-2017,76517,2017-04-29 20:00:00.000,693,Montpellier,0,NULL,0
7,Ligue 1,334,2016-2017,76518,2017-04-29 20:00:00.000,690,Lorient,0,NULL,0
7,Ligue 1,334,2016-2017,76518,2017-04-29 20:00:00.000,2135,Nantes,1,NULL,1
7,Ligue 1,334,2016-2017,76519,2017-04-30 21:00:00.000,694,Paris Saint Germain,1,NULL,0
7,Ligue 1,334,2016-2017,76519,2017-04-30 21:00:00.000,698,Nice,3,NULL,1
7,Ligue 1,334,2016-2017,76520,2017-05-06 20:00:00.000,691,Monaco,3,NULL,1
7,Ligue 1,334,2016-2017,76520,2017-05-06 20:00:00.000,700,Nancy,0,NULL,0
7,Ligue 1,334,2016-2017,76521,2017-05-06 20:00:00.000,2032,Dijon,0,NULL,0
7,Ligue 1,334,2016-2017,76521,2017-05-06 20:00:00.000,2134,En Avant de Guingamp,4,NULL,1
7,Ligue 1,334,2016-2017,76522,2017-05-06 20:00:00.000,2200,Metz,2,NULL,1
7,Ligue 1,334,2016-2017,76522,2017-05-06 20:00:00.000,689,Lille,0,NULL,0
7,Ligue 1,334,2016-2017,76523,2017-05-06 20:00:00.000,2281,Angers,1,NULL,2
7,Ligue 1,334,2016-2017,76523,2017-05-06 20:00:00.000,690,Lorient,1,NULL,2
7,Ligue 1,334,2016-2017,76524,2017-05-07 17:00:00.000,2135,Nantes,2,NULL,0
7,Ligue 1,334,2016-2017,76524,2017-05-07 17:00:00.000,640,Lyon,3,NULL,1
7,Ligue 1,334,2016-2017,76525,2017-05-07 21:00:00.000,698,Nice,1,NULL,0
7,Ligue 1,334,2016-2017,76525,2017-05-07 21:00:00.000,651,Marseille,2,NULL,1
7,Ligue 1,334,2016-2017,76526,2017-05-06 17:00:00.000,2111,Bastia,0,NULL,0
7,Ligue 1,334,2016-2017,76526,2017-05-06 17:00:00.000,694,Paris Saint Germain,5,NULL,1
7,Ligue 1,334,2016-2017,76527,2017-05-05 20:45:00.000,646,Bordeaux,2,NULL,2
7,Ligue 1,334,2016-2017,76527,2017-05-05 20:45:00.000,697,Saint Etienne,2,NULL,2
7,Ligue 1,334,2016-2017,76528,2017-05-07 15:00:00.000,693,Montpellier,0,NULL,0
7,Ligue 1,334,2016-2017,76528,2017-05-07 15:00:00.000,695,Rennes,1,NULL,1
7,Ligue 1,334,2016-2017,76529,2017-05-06 20:00:00.000,1917,Caen,1,NULL,1
7,Ligue 1,334,2016-2017,76529,2017-05-06 20:00:00.000,692,Toulouse,0,NULL,0
7,Ligue 1,334,2016-2017,76530,2017-05-14 21:00:00.000,689,Lille,0,NULL,0
7,Ligue 1,334,2016-2017,76530,2017-05-14 21:00:00.000,691,Monaco,4,NULL,1
7,Ligue 1,334,2016-2017,76531,2017-05-14 21:00:00.000,690,Lorient,0,NULL,0
7,Ligue 1,334,2016-2017,76531,2017-05-14 21:00:00.000,2111,Bastia,2,NULL,1
7,Ligue 1,334,2016-2017,76532,2017-05-14 21:00:00.000,651,Marseille,1,NULL,2
7,Ligue 1,334,2016-2017,76532,2017-05-14 21:00:00.000,646,Bordeaux,1,NULL,2
7,Ligue 1,334,2016-2017,76533,2017-05-14 21:00:00.000,695,Rennes,1,NULL,1
7,Ligue 1,334,2016-2017,76533,2017-05-14 21:00:00.000,1917,Caen,0,NULL,0
7,Ligue 1,334,2016-2017,76534,2017-05-14 21:00:00.000,700,Nancy,0,NULL,0
7,Ligue 1,334,2016-2017,76534,2017-05-14 21:00:00.000,2032,Dijon,2,NULL,1
7,Ligue 1,334,2016-2017,76535,2017-05-14 21:00:00.000,692,Toulouse,1,NULL,2
7,Ligue 1,334,2016-2017,76535,2017-05-14 21:00:00.000,2200,Metz,1,NULL,2
7,Ligue 1,334,2016-2017,76536,2017-05-14 21:00:00.000,640,Lyon,3,NULL,1
7,Ligue 1,334,2016-2017,76536,2017-05-14 21:00:00.000,693,Montpellier,1,NULL,0
7,Ligue 1,334,2016-2017,76537,2017-05-14 21:00:00.000,2134,En Avant de Guingamp,1,NULL,0
7,Ligue 1,334,2016-2017,76537,2017-05-14 21:00:00.000,2135,Nantes,4,NULL,1
7,Ligue 1,334,2016-2017,76538,2017-05-14 21:00:00.000,2281,Angers,2,NULL,1
7,Ligue 1,334,2016-2017,76538,2017-05-14 21:00:00.000,698,Nice,0,NULL,0
7,Ligue 1,334,2016-2017,76539,2017-05-14 21:00:00.000,694,Paris Saint Germain,5,NULL,1
7,Ligue 1,334,2016-2017,76539,2017-05-14 21:00:00.000,697,Saint Etienne,0,NULL,0
7,Ligue 1,334,2016-2017,76540,2017-05-20 21:00:00.000,693,Montpellier,0,NULL,0
7,Ligue 1,334,2016-2017,76540,2017-05-20 21:00:00.000,2281,Angers,2,NULL,1
7,Ligue 1,334,2016-2017,76541,2017-05-20 21:00:00.000,697,Saint Etienne,1,NULL,0
7,Ligue 1,334,2016-2017,76541,2017-05-20 21:00:00.000,700,Nancy,3,NULL,1
7,Ligue 1,334,2016-2017,76542,2017-05-20 21:00:00.000,2200,Metz,0,NULL,0
7,Ligue 1,334,2016-2017,76542,2017-05-20 21:00:00.000,2134,En Avant de Guingamp,1,NULL,1
7,Ligue 1,334,2016-2017,76543,2017-05-20 21:00:00.000,2135,Nantes,0,NULL,0
7,Ligue 1,334,2016-2017,76543,2017-05-20 21:00:00.000,689,Lille,3,NULL,1
7,Ligue 1,334,2016-2017,76544,2017-05-20 21:00:00.000,646,Bordeaux,1,NULL,2
7,Ligue 1,334,2016-2017,76544,2017-05-20 21:00:00.000,690,Lorient,1,NULL,2
7,Ligue 1,334,2016-2017,76545,2017-05-20 21:00:00.000,698,Nice,3,NULL,2
7,Ligue 1,334,2016-2017,76545,2017-05-20 21:00:00.000,640,Lyon,3,NULL,2
7,Ligue 1,334,2016-2017,76546,2017-05-20 21:00:00.000,2111,Bastia,0,NULL,0
7,Ligue 1,334,2016-2017,76546,2017-05-20 21:00:00.000,651,Marseille,1,NULL,1
7,Ligue 1,334,2016-2017,76547,2017-05-20 21:00:00.000,1917,Caen,1,NULL,2
7,Ligue 1,334,2016-2017,76547,2017-05-20 21:00:00.000,694,Paris Saint Germain,1,NULL,2
7,Ligue 1,334,2016-2017,76548,2017-05-20 21:00:00.000,691,Monaco,3,NULL,1
7,Ligue 1,334,2016-2017,76548,2017-05-20 21:00:00.000,695,Rennes,2,NULL,0
7,Ligue 1,334,2016-2017,76549,2017-05-20 21:00:00.000,2032,Dijon,0,NULL,2
7,Ligue 1,334,2016-2017,76549,2017-05-20 21:00:00.000,692,Toulouse,0,NULL,2
25,Eredivisie,335,2016-2017,76703,2017-01-13 14:00:00.000,2091,AZ Alkmaar,3,NULL,1
25,Eredivisie,335,2016-2017,76703,2017-01-13 14:00:00.000,2211,Go Ahead Eagles,1,NULL,0
25,Eredivisie,335,2016-2017,76704,2017-01-14 12:30:00.000,2206,ADO Den Haag,0,NULL,0
25,Eredivisie,335,2016-2017,76704,2017-01-14 12:30:00.000,2213,SC Heerenveen,2,NULL,1
25,Eredivisie,335,2016-2017,76705,2017-01-14 13:45:00.000,2209,SBV Excelsior,0,NULL,0
25,Eredivisie,335,2016-2017,76705,2017-01-14 13:45:00.000,2082,PSV Eindhoven,2,NULL,1
25,Eredivisie,335,2016-2017,76706,2017-01-14 13:45:00.000,2212,FC Groningen,4,NULL,1
25,Eredivisie,335,2016-2017,76706,2017-01-14 13:45:00.000,2214,Heracles Almelo,1,NULL,0
25,Eredivisie,335,2016-2017,76707,2017-01-14 14:45:00.000,2217,FC Utrecht,2,NULL,1
25,Eredivisie,335,2016-2017,76707,2017-01-14 14:45:00.000,2295,Sparta Rotterdam,1,NULL,0
25,Eredivisie,335,2016-2017,76708,2017-01-15 06:30:00.000,2210,Feyenoord,2,NULL,1
25,Eredivisie,335,2016-2017,76708,2017-01-15 06:30:00.000,2283,Roda JC,0,NULL,0
25,Eredivisie,335,2016-2017,76709,2017-01-15 08:30:00.000,861,Ajax Amsterdam,3,NULL,1
25,Eredivisie,335,2016-2017,76709,2017-01-15 08:30:00.000,2216,PEC Zwolle,1,NULL,0
25,Eredivisie,335,2016-2017,76710,2017-01-15 08:30:00.000,630,Twente,1,NULL,0
25,Eredivisie,335,2016-2017,76710,2017-01-15 08:30:00.000,2218,Vitesse,3,NULL,1
25,Eredivisie,335,2016-2017,76711,2017-01-15 10:45:00.000,2284,NEC,1,NULL,1
25,Eredivisie,335,2016-2017,76711,2017-01-15 10:45:00.000,2219,Willem II,0,NULL,0
25,Eredivisie,335,2016-2017,76712,2017-01-20 14:00:00.000,2214,Heracles Almelo,0,NULL,0
25,Eredivisie,335,2016-2017,76712,2017-01-20 14:00:00.000,630,Twente,1,NULL,1
25,Eredivisie,335,2016-2017,76713,2017-01-21 12:30:00.000,2295,Sparta Rotterdam,1,NULL,2
25,Eredivisie,335,2016-2017,76713,2017-01-21 12:30:00.000,2091,AZ Alkmaar,1,NULL,2
25,Eredivisie,335,2016-2017,76714,2017-01-21 13:45:00.000,2216,PEC Zwolle,2,NULL,1
25,Eredivisie,335,2016-2017,76714,2017-01-21 13:45:00.000,2206,ADO Den Haag,1,NULL,0
25,Eredivisie,335,2016-2017,76715,2017-01-21 13:45:00.000,2219,Willem II,0,NULL,0
25,Eredivisie,335,2016-2017,76715,2017-01-21 13:45:00.000,2210,Feyenoord,1,NULL,1
25,Eredivisie,335,2016-2017,76716,2017-01-21 14:45:00.000,2218,Vitesse,1,NULL,2
25,Eredivisie,335,2016-2017,76716,2017-01-21 14:45:00.000,2212,FC Groningen,1,NULL,2
25,Eredivisie,335,2016-2017,76717,2017-01-22 06:30:00.000,861,Ajax Amsterdam,1,NULL,1
25,Eredivisie,335,2016-2017,76717,2017-01-22 06:30:00.000,2217,FC Utrecht,0,NULL,0
25,Eredivisie,335,2016-2017,76718,2017-01-22 08:30:00.000,2211,Go Ahead Eagles,1,NULL,2
25,Eredivisie,335,2016-2017,76718,2017-01-22 08:30:00.000,2209,SBV Excelsior,1,NULL,2
25,Eredivisie,335,2016-2017,76719,2017-01-22 08:30:00.000,2283,Roda JC,0,NULL,0
25,Eredivisie,335,2016-2017,76719,2017-01-22 08:30:00.000,2284,NEC,2,NULL,1
25,Eredivisie,335,2016-2017,76720,2017-01-22 10:45:00.000,2213,SC Heerenveen,3,NULL,0
25,Eredivisie,335,2016-2017,76720,2017-01-22 10:45:00.000,2082,PSV Eindhoven,4,NULL,1
25,Eredivisie,335,2016-2017,76721,2017-01-27 14:00:00.000,2295,Sparta Rotterdam,2,NULL,0
25,Eredivisie,335,2016-2017,76721,2017-01-27 14:00:00.000,2219,Willem II,3,NULL,1
25,Eredivisie,335,2016-2017,76722,2017-01-28 12:30:00.000,2217,FC Utrecht,1,NULL,1
25,Eredivisie,335,2016-2017,76722,2017-01-28 12:30:00.000,2211,Go Ahead Eagles,0,NULL,0
25,Eredivisie,335,2016-2017,76723,2017-01-28 13:45:00.000,2209,SBV Excelsior,0,NULL,0
25,Eredivisie,335,2016-2017,76723,2017-01-28 13:45:00.000,2283,Roda JC,4,NULL,1
25,Eredivisie,335,2016-2017,76724,2017-01-28 13:45:00.000,2082,PSV Eindhoven,2,NULL,1
25,Eredivisie,335,2016-2017,76724,2017-01-28 13:45:00.000,2214,Heracles Almelo,1,NULL,0
25,Eredivisie,335,2016-2017,76725,2017-01-29 08:30:00.000,2091,AZ Alkmaar,1,NULL,0
25,Eredivisie,335,2016-2017,76725,2017-01-29 08:30:00.000,2218,Vitesse,2,NULL,1
25,Eredivisie,335,2016-2017,76726,2017-01-29 06:30:00.000,2212,FC Groningen,0,NULL,2
25,Eredivisie,335,2016-2017,76726,2017-01-29 06:30:00.000,2213,SC Heerenveen,0,NULL,2
25,Eredivisie,335,2016-2017,76727,2017-01-29 08:30:00.000,2206,ADO Den Haag,0,NULL,0
25,Eredivisie,335,2016-2017,76727,2017-01-29 08:30:00.000,861,Ajax Amsterdam,3,NULL,1
25,Eredivisie,335,2016-2017,76728,2017-01-29 08:30:00.000,630,Twente,2,NULL,1
25,Eredivisie,335,2016-2017,76728,2017-01-29 08:30:00.000,2216,PEC Zwolle,1,NULL,0
25,Eredivisie,335,2016-2017,76729,2017-01-29 10:45:00.000,2284,NEC,0,NULL,0
25,Eredivisie,335,2016-2017,76729,2017-01-29 10:45:00.000,2210,Feyenoord,4,NULL,1
25,Eredivisie,335,2016-2017,76730,2017-02-03 14:00:00.000,2218,Vitesse,2,NULL,1
25,Eredivisie,335,2016-2017,76730,2017-02-03 14:00:00.000,2206,ADO Den Haag,0,NULL,0
25,Eredivisie,335,2016-2017,76731,2017-02-04 12:30:00.000,2211,Go Ahead Eagles,2,NULL,1
25,Eredivisie,335,2016-2017,76731,2017-02-04 12:30:00.000,2284,NEC,1,NULL,0
25,Eredivisie,335,2016-2017,76732,2017-02-04 13:45:00.000,2082,PSV Eindhoven,4,NULL,1
25,Eredivisie,335,2016-2017,76732,2017-02-04 13:45:00.000,2091,AZ Alkmaar,2,NULL,0
25,Eredivisie,335,2016-2017,76733,2017-02-04 13:45:00.000,2214,Heracles Almelo,3,NULL,1
25,Eredivisie,335,2016-2017,76733,2017-02-04 13:45:00.000,2219,Willem II,1,NULL,0
25,Eredivisie,335,2016-2017,76734,2017-02-04 14:45:00.000,2209,SBV Excelsior,1,NULL,2
25,Eredivisie,335,2016-2017,76734,2017-02-04 14:45:00.000,2212,FC Groningen,1,NULL,2
25,Eredivisie,335,2016-2017,76735,2017-02-05 06:30:00.000,861,Ajax Amsterdam,2,NULL,1
25,Eredivisie,335,2016-2017,76735,2017-02-05 06:30:00.000,2283,Roda JC,0,NULL,0
25,Eredivisie,335,2016-2017,76736,2017-02-05 08:30:00.000,2216,PEC Zwolle,3,NULL,1
25,Eredivisie,335,2016-2017,76736,2017-02-05 08:30:00.000,2295,Sparta Rotterdam,2,NULL,0
25,Eredivisie,335,2016-2017,76737,2017-02-05 08:30:00.000,2210,Feyenoord,2,NULL,1
25,Eredivisie,335,2016-2017,76737,2017-02-05 08:30:00.000,630,Twente,0,NULL,0
25,Eredivisie,335,2016-2017,76738,2017-02-05 10:45:00.000,2213,SC Heerenveen,0,NULL,0
25,Eredivisie,335,2016-2017,76738,2017-02-05 10:45:00.000,2217,FC Utrecht,1,NULL,1
25,Eredivisie,335,2016-2017,76739,2017-02-10 14:00:00.000,2284,NEC,0,NULL,0
25,Eredivisie,335,2016-2017,76739,2017-02-10 14:00:00.000,2216,PEC Zwolle,2,NULL,1
25,Eredivisie,335,2016-2017,76740,2017-02-11 12:30:00.000,2283,Roda JC,2,NULL,2
25,Eredivisie,335,2016-2017,76740,2017-02-11 12:30:00.000,2214,Heracles Almelo,2,NULL,2
25,Eredivisie,335,2016-2017,76741,2017-02-11 13:45:00.000,2212,FC Groningen,0,NULL,0
25,Eredivisie,335,2016-2017,76741,2017-02-11 13:45:00.000,2210,Feyenoord,2,NULL,1
25,Eredivisie,335,2016-2017,76742,2017-02-11 13:45:00.000,2206,ADO Den Haag,1,NULL,0
25,Eredivisie,335,2016-2017,76742,2017-02-11 13:45:00.000,2211,Go Ahead Eagles,3,NULL,1
25,Eredivisie,335,2016-2017,76743,2017-02-11 14:45:00.000,2219,Willem II,2,NULL,1
25,Eredivisie,335,2016-2017,76743,2017-02-11 14:45:00.000,2218,Vitesse,0,NULL,0
25,Eredivisie,335,2016-2017,76744,2017-02-12 06:30:00.000,630,Twente,1,NULL,2
25,Eredivisie,335,2016-2017,76744,2017-02-12 06:30:00.000,2209,SBV Excelsior,1,NULL,2
25,Eredivisie,335,2016-2017,76745,2017-02-12 08:30:00.000,2295,Sparta Rotterdam,0,NULL,0
25,Eredivisie,335,2016-2017,76745,2017-02-12 08:30:00.000,861,Ajax Amsterdam,2,NULL,1
25,Eredivisie,335,2016-2017,76746,2017-02-12 08:30:00.000,2091,AZ Alkmaar,2,NULL,1
25,Eredivisie,335,2016-2017,76746,2017-02-12 08:30:00.000,2213,SC Heerenveen,1,NULL,0
25,Eredivisie,335,2016-2017,76747,2017-02-12 10:45:00.000,2217,FC Utrecht,0,NULL,0
25,Eredivisie,335,2016-2017,76747,2017-02-12 10:45:00.000,2082,PSV Eindhoven,3,NULL,1
25,Eredivisie,335,2016-2017,76748,2017-02-17 14:00:00.000,2211,Go Ahead Eagles,0,NULL,0
25,Eredivisie,335,2016-2017,76748,2017-02-17 14:00:00.000,2283,Roda JC,1,NULL,1
25,Eredivisie,335,2016-2017,76749,2017-02-18 12:30:00.000,2213,SC Heerenveen,0,NULL,0
25,Eredivisie,335,2016-2017,76749,2017-02-18 12:30:00.000,630,Twente,1,NULL,1
25,Eredivisie,335,2016-2017,76750,2017-02-18 13:45:00.000,2284,NEC,1,NULL,0
25,Eredivisie,335,2016-2017,76750,2017-02-18 13:45:00.000,2082,PSV Eindhoven,3,NULL,1
25,Eredivisie,335,2016-2017,76751,2017-02-19 06:30:00.000,2091,AZ Alkmaar,1,NULL,2
25,Eredivisie,335,2016-2017,76751,2017-02-19 06:30:00.000,2219,Willem II,1,NULL,2
25,Eredivisie,335,2016-2017,76752,2017-02-18 14:45:00.000,2216,PEC Zwolle,1,NULL,0
25,Eredivisie,335,2016-2017,76752,2017-02-18 14:45:00.000,2217,FC Utrecht,3,NULL,1
25,Eredivisie,335,2016-2017,76753,2017-02-18 13:45:00.000,2209,SBV Excelsior,0,NULL,0
25,Eredivisie,335,2016-2017,76753,2017-02-18 13:45:00.000,2214,Heracles Almelo,4,NULL,1
25,Eredivisie,335,2016-2017,76754,2017-02-19 08:30:00.000,2212,FC Groningen,2,NULL,2
25,Eredivisie,335,2016-2017,76754,2017-02-19 08:30:00.000,2295,Sparta Rotterdam,2,NULL,2
25,Eredivisie,335,2016-2017,76755,2017-02-19 08:30:00.000,861,Ajax Amsterdam,1,NULL,1
25,Eredivisie,335,2016-2017,76755,2017-02-19 08:30:00.000,2218,Vitesse,0,NULL,0
25,Eredivisie,335,2016-2017,76756,2017-02-19 10:45:00.000,2210,Feyenoord,1,NULL,1
25,Eredivisie,335,2016-2017,76756,2017-02-19 10:45:00.000,2206,ADO Den Haag,0,NULL,0
25,Eredivisie,335,2016-2017,76757,2017-02-24 14:00:00.000,630,Twente,1,NULL,2
25,Eredivisie,335,2016-2017,76757,2017-02-24 14:00:00.000,2206,ADO Den Haag,1,NULL,2
25,Eredivisie,335,2016-2017,76758,2017-02-25 12:30:00.000,2217,FC Utrecht,3,NULL,1
25,Eredivisie,335,2016-2017,76758,2017-02-25 12:30:00.000,2212,FC Groningen,2,NULL,0
25,Eredivisie,335,2016-2017,76759,2017-02-26 08:30:00.000,2216,PEC Zwolle,1,NULL,2
25,Eredivisie,335,2016-2017,76759,2017-02-26 08:30:00.000,2091,AZ Alkmaar,1,NULL,2
25,Eredivisie,335,2016-2017,76760,2017-02-25 13:45:00.000,2219,Willem II,2,NULL,1
25,Eredivisie,335,2016-2017,76760,2017-02-25 13:45:00.000,2209,SBV Excelsior,0,NULL,0
25,Eredivisie,335,2016-2017,76761,2017-02-25 14:45:00.000,2283,Roda JC,0,NULL,0
25,Eredivisie,335,2016-2017,76761,2017-02-25 14:45:00.000,2213,SC Heerenveen,3,NULL,1
25,Eredivisie,335,2016-2017,76762,2017-02-26 06:30:00.000,2218,Vitesse,3,NULL,1
25,Eredivisie,335,2016-2017,76762,2017-02-26 06:30:00.000,2211,Go Ahead Eagles,1,NULL,0
25,Eredivisie,335,2016-2017,76763,2017-02-26 08:30:00.000,2082,PSV Eindhoven,1,NULL,0
25,Eredivisie,335,2016-2017,76763,2017-02-26 08:30:00.000,2210,Feyenoord,2,NULL,1
25,Eredivisie,335,2016-2017,76764,2017-02-25 13:45:00.000,2295,Sparta Rotterdam,1,NULL,1
25,Eredivisie,335,2016-2017,76764,2017-02-25 13:45:00.000,2284,NEC,0,NULL,0
25,Eredivisie,335,2016-2017,76765,2017-02-26 10:45:00.000,2214,Heracles Almelo,1,NULL,0
25,Eredivisie,335,2016-2017,76765,2017-02-26 10:45:00.000,861,Ajax Amsterdam,4,NULL,1
25,Eredivisie,335,2016-2017,76766,2017-03-05 06:30:00.000,2209,SBV Excelsior,1,NULL,2
25,Eredivisie,335,2016-2017,76766,2017-03-05 06:30:00.000,2091,AZ Alkmaar,1,NULL,2
25,Eredivisie,335,2016-2017,76767,2017-03-04 12:30:00.000,2219,Willem II,1,NULL,0
25,Eredivisie,335,2016-2017,76767,2017-03-04 12:30:00.000,630,Twente,2,NULL,1
25,Eredivisie,335,2016-2017,76768,2017-03-03 14:00:00.000,2211,Go Ahead Eagles,2,NULL,2
25,Eredivisie,335,2016-2017,76768,2017-03-03 14:00:00.000,2213,SC Heerenveen,2,NULL,2
25,Eredivisie,335,2016-2017,76769,2017-03-04 13:45:00.000,2283,Roda JC,0,NULL,0
25,Eredivisie,335,2016-2017,76769,2017-03-04 13:45:00.000,2082,PSV Eindhoven,4,NULL,1
25,Eredivisie,335,2016-2017,76770,2017-03-04 14:45:00.000,2218,Vitesse,1,NULL,0
25,Eredivisie,335,2016-2017,76770,2017-03-04 14:45:00.000,2216,PEC Zwolle,3,NULL,1
25,Eredivisie,335,2016-2017,76771,2017-03-05 06:30:00.000,2210,Feyenoord,0,NULL,0
25,Eredivisie,335,2016-2017,76771,2017-03-05 06:30:00.000,2295,Sparta Rotterdam,1,NULL,1
25,Eredivisie,335,2016-2017,76772,2017-03-05 08:30:00.000,861,Ajax Amsterdam,1,NULL,2
25,Eredivisie,335,2016-2017,76772,2017-03-05 08:30:00.000,2212,FC Groningen,1,NULL,2
25,Eredivisie,335,2016-2017,76773,2017-03-05 08:30:00.000,2206,ADO Den Haag,1,NULL,2
25,Eredivisie,335,2016-2017,76773,2017-03-05 08:30:00.000,2217,FC Utrecht,1,NULL,2
25,Eredivisie,335,2016-2017,76774,2017-03-05 10:45:00.000,2214,Heracles Almelo,1,NULL,0
25,Eredivisie,335,2016-2017,76774,2017-03-05 10:45:00.000,2284,NEC,3,NULL,1
25,Eredivisie,335,2016-2017,76775,2017-03-10 14:00:00.000,2295,Sparta Rotterdam,0,NULL,0
25,Eredivisie,335,2016-2017,76775,2017-03-10 14:00:00.000,2218,Vitesse,5,NULL,1
25,Eredivisie,335,2016-2017,76776,2017-03-11 12:30:00.000,2284,NEC,0,NULL,0
25,Eredivisie,335,2016-2017,76776,2017-03-11 12:30:00.000,2206,ADO Den Haag,1,NULL,1
25,Eredivisie,335,2016-2017,76777,2017-03-11 13:45:00.000,2082,PSV Eindhoven,3,NULL,1
25,Eredivisie,335,2016-2017,76777,2017-03-11 13:45:00.000,2211,Go Ahead Eagles,1,NULL,0
25,Eredivisie,335,2016-2017,76778,2017-03-11 13:45:00.000,2217,FC Utrecht,1,NULL,0
25,Eredivisie,335,2016-2017,76778,2017-03-11 13:45:00.000,2214,Heracles Almelo,2,NULL,1
25,Eredivisie,335,2016-2017,76779,2017-03-11 14:45:00.000,2213,SC Heerenveen,1,NULL,0
25,Eredivisie,335,2016-2017,76779,2017-03-11 14:45:00.000,2209,SBV Excelsior,4,NULL,1
25,Eredivisie,335,2016-2017,76780,2017-03-12 07:30:00.000,2216,PEC Zwolle,0,NULL,0
25,Eredivisie,335,2016-2017,76780,2017-03-12 07:30:00.000,2219,Willem II,2,NULL,1
25,Eredivisie,335,2016-2017,76781,2017-03-12 09:30:00.000,2091,AZ Alkmaar,2,NULL,0
25,Eredivisie,335,2016-2017,76781,2017-03-12 09:30:00.000,2210,Feyenoord,5,NULL,1
25,Eredivisie,335,2016-2017,76782,2017-03-12 09:30:00.000,2212,FC Groningen,1,NULL,0
25,Eredivisie,335,2016-2017,76782,2017-03-12 09:30:00.000,2283,Roda JC,3,NULL,1
25,Eredivisie,335,2016-2017,76783,2017-03-12 11:45:00.000,630,Twente,0,NULL,0
25,Eredivisie,335,2016-2017,76783,2017-03-12 11:45:00.000,861,Ajax Amsterdam,3,NULL,1
25,Eredivisie,335,2016-2017,76784,2017-03-17 20:00:00.000,630,Twente,3,NULL,1
25,Eredivisie,335,2016-2017,76784,2017-03-17 20:00:00.000,2283,Roda JC,0,NULL,0
25,Eredivisie,335,2016-2017,76785,2017-03-18 18:30:00.000,2219,Willem II,1,NULL,2
25,Eredivisie,335,2016-2017,76785,2017-03-18 18:30:00.000,2212,FC Groningen,1,NULL,2
25,Eredivisie,335,2016-2017,76786,2017-03-18 19:45:00.000,2217,FC Utrecht,3,NULL,1
25,Eredivisie,335,2016-2017,76786,2017-03-18 19:45:00.000,2284,NEC,0,NULL,0
25,Eredivisie,335,2016-2017,76787,2017-03-18 19:45:00.000,2218,Vitesse,0,NULL,0
25,Eredivisie,335,2016-2017,76787,2017-03-18 19:45:00.000,2082,PSV Eindhoven,1,NULL,1
25,Eredivisie,335,2016-2017,76788,2017-03-19 16:45:00.000,2206,ADO Den Haag,0,NULL,0
25,Eredivisie,335,2016-2017,76788,2017-03-19 16:45:00.000,2091,AZ Alkmaar,4,NULL,1
25,Eredivisie,335,2016-2017,76789,2017-03-19 12:30:00.000,2210,Feyenoord,2,NULL,1
25,Eredivisie,335,2016-2017,76789,2017-03-19 12:30:00.000,2213,SC Heerenveen,1,NULL,0
25,Eredivisie,335,2016-2017,76790,2017-03-19 14:30:00.000,861,Ajax Amsterdam,1,NULL,2
25,Eredivisie,335,2016-2017,76790,2017-03-19 14:30:00.000,2209,SBV Excelsior,1,NULL,2
25,Eredivisie,335,2016-2017,76791,2017-03-19 14:30:00.000,2216,PEC Zwolle,3,NULL,1
25,Eredivisie,335,2016-2017,76791,2017-03-19 14:30:00.000,2211,Go Ahead Eagles,1,NULL,0
25,Eredivisie,335,2016-2017,76792,2017-03-18 20:45:00.000,2214,Heracles Almelo,1,NULL,0
25,Eredivisie,335,2016-2017,76792,2017-03-18 20:45:00.000,2295,Sparta Rotterdam,3,NULL,1
25,Eredivisie,335,2016-2017,76793,2017-04-01 18:30:00.000,2212,FC Groningen,0,NULL,2
25,Eredivisie,335,2016-2017,76793,2017-04-01 18:30:00.000,2091,AZ Alkmaar,0,NULL,2
25,Eredivisie,335,2016-2017,76794,2017-04-01 18:30:00.000,2209,SBV Excelsior,1,NULL,2
25,Eredivisie,335,2016-2017,76794,2017-04-01 18:30:00.000,2216,PEC Zwolle,1,NULL,2
25,Eredivisie,335,2016-2017,76795,2017-04-01 19:45:00.000,2082,PSV Eindhoven,2,NULL,1
25,Eredivisie,335,2016-2017,76795,2017-04-01 19:45:00.000,2295,Sparta Rotterdam,0,NULL,0
25,Eredivisie,335,2016-2017,76796,2017-04-01 20:45:00.000,2219,Willem II,0,NULL,0
25,Eredivisie,335,2016-2017,76796,2017-04-01 20:45:00.000,2217,FC Utrecht,2,NULL,1
25,Eredivisie,335,2016-2017,76797,2017-04-01 20:45:00.000,2213,SC Heerenveen,1,NULL,0
25,Eredivisie,335,2016-2017,76797,2017-04-01 20:45:00.000,2214,Heracles Almelo,4,NULL,1
25,Eredivisie,335,2016-2017,76798,2017-04-02 12:30:00.000,2284,NEC,1,NULL,0
25,Eredivisie,335,2016-2017,76798,2017-04-02 12:30:00.000,2218,Vitesse,2,NULL,1
25,Eredivisie,335,2016-2017,76799,2017-04-02 14:30:00.000,2283,Roda JC,1,NULL,0
25,Eredivisie,335,2016-2017,76799,2017-04-02 14:30:00.000,2206,ADO Den Haag,4,NULL,1
25,Eredivisie,335,2016-2017,76800,2017-04-02 14:30:00.000,2210,Feyenoord,1,NULL,0
25,Eredivisie,335,2016-2017,76800,2017-04-02 14:30:00.000,861,Ajax Amsterdam,2,NULL,1
25,Eredivisie,335,2016-2017,76801,2017-04-02 16:45:00.000,2211,Go Ahead Eagles,2,NULL,1
25,Eredivisie,335,2016-2017,76801,2017-04-02 16:45:00.000,630,Twente,1,NULL,0
25,Eredivisie,335,2016-2017,76802,2017-04-04 18:30:00.000,2217,FC Utrecht,3,NULL,1
25,Eredivisie,335,2016-2017,76802,2017-04-04 18:30:00.000,2209,SBV Excelsior,1,NULL,0
25,Eredivisie,335,2016-2017,76803,2017-04-04 20:45:00.000,2295,Sparta Rotterdam,0,NULL,0
25,Eredivisie,335,2016-2017,76803,2017-04-04 20:45:00.000,2213,SC Heerenveen,3,NULL,1
25,Eredivisie,335,2016-2017,76804,2017-04-05 20:45:00.000,2091,AZ Alkmaar,1,NULL,0
25,Eredivisie,335,2016-2017,76804,2017-04-05 20:45:00.000,861,Ajax Amsterdam,4,NULL,1
25,Eredivisie,335,2016-2017,76805,2017-04-05 18:30:00.000,2218,Vitesse,1,NULL,1
25,Eredivisie,335,2016-2017,76805,2017-04-05 18:30:00.000,2214,Heracles Almelo,0,NULL,0
25,Eredivisie,335,2016-2017,76806,2017-04-05 19:45:00.000,2284,NEC,0,NULL,0
25,Eredivisie,335,2016-2017,76806,2017-04-05 19:45:00.000,2212,FC Groningen,2,NULL,1
25,Eredivisie,335,2016-2017,76807,2017-04-05 20:45:00.000,2211,Go Ahead Eagles,0,NULL,0
25,Eredivisie,335,2016-2017,76807,2017-04-05 20:45:00.000,2210,Feyenoord,8,NULL,1
25,Eredivisie,335,2016-2017,76808,2017-04-05 20:45:00.000,2206,ADO Den Haag,2,NULL,1
25,Eredivisie,335,2016-2017,76808,2017-04-05 20:45:00.000,2219,Willem II,1,NULL,0
25,Eredivisie,335,2016-2017,76809,2017-04-06 18:30:00.000,2216,PEC Zwolle,1,NULL,0
25,Eredivisie,335,2016-2017,76809,2017-04-06 18:30:00.000,2283,Roda JC,2,NULL,1
25,Eredivisie,335,2016-2017,76810,2017-04-06 20:45:00.000,2082,PSV Eindhoven,2,NULL,2
25,Eredivisie,335,2016-2017,76810,2017-04-06 20:45:00.000,630,Twente,2,NULL,2
25,Eredivisie,335,2016-2017,76811,2017-04-07 20:00:00.000,2209,SBV Excelsior,3,NULL,1
25,Eredivisie,335,2016-2017,76811,2017-04-07 20:00:00.000,2295,Sparta Rotterdam,2,NULL,0
25,Eredivisie,335,2016-2017,76812,2017-04-08 18:30:00.000,2213,SC Heerenveen,2,NULL,0
25,Eredivisie,335,2016-2017,76812,2017-04-08 18:30:00.000,2218,Vitesse,4,NULL,1
25,Eredivisie,335,2016-2017,76813,2017-04-08 19:45:00.000,2212,FC Groningen,3,NULL,0
25,Eredivisie,335,2016-2017,76813,2017-04-08 19:45:00.000,2206,ADO Den Haag,4,NULL,1
25,Eredivisie,335,2016-2017,76814,2017-04-08 19:45:00.000,861,Ajax Amsterdam,5,NULL,1
25,Eredivisie,335,2016-2017,76814,2017-04-08 19:45:00.000,2284,NEC,1,NULL,0
25,Eredivisie,335,2016-2017,76815,2017-04-08 20:45:00.000,2214,Heracles Almelo,4,NULL,1
25,Eredivisie,335,2016-2017,76815,2017-04-08 20:45:00.000,2211,Go Ahead Eagles,1,NULL,0
25,Eredivisie,335,2016-2017,76816,2017-04-09 12:30:00.000,2283,Roda JC,1,NULL,2
25,Eredivisie,335,2016-2017,76816,2017-04-09 12:30:00.000,2091,AZ Alkmaar,1,NULL,2
25,Eredivisie,335,2016-2017,76817,2017-04-09 14:30:00.000,630,Twente,0,NULL,0
25,Eredivisie,335,2016-2017,76817,2017-04-09 14:30:00.000,2217,FC Utrecht,3,NULL,1
25,Eredivisie,335,2016-2017,76818,2017-04-09 14:30:00.000,2210,Feyenoord,2,NULL,2
25,Eredivisie,335,2016-2017,76818,2017-04-09 14:30:00.000,2216,PEC Zwolle,2,NULL,2
25,Eredivisie,335,2016-2017,76819,2017-04-09 16:45:00.000,2219,Willem II,0,NULL,0
25,Eredivisie,335,2016-2017,76819,2017-04-09 16:45:00.000,2082,PSV Eindhoven,5,NULL,1
25,Eredivisie,335,2016-2017,76820,2017-04-14 20:00:00.000,2091,AZ Alkmaar,2,NULL,1
25,Eredivisie,335,2016-2017,76820,2017-04-14 20:00:00.000,2214,Heracles Almelo,1,NULL,0
